{"v":"5.7.1","fr":29.9700012207031,"ip":0,"op":451.000018369607,"w":1080,"h":1080,"nm":"concave","ddd":0,"assets":[{"id":"comp_0","layers":[{"ddd":0,"ind":1,"ty":4,"nm":"headsmall","sr":1,"ks":{"o":{"a":1,"k":[{"i":{"x":[0.833],"y":[0.833]},"o":{"x":[0.167],"y":[0.167]},"t":412,"s":[0]},{"i":{"x":[0.833],"y":[0.833]},"o":{"x":[0.167],"y":[0.167]},"t":425,"s":[100]},{"i":{"x":[0.833],"y":[0.833]},"o":{"x":[0.167],"y":[0.167]},"t":886,"s":[100]},{"t":900.000036657751,"s":[0]}],"ix":11},"r":{"a":0,"k":0,"ix":10},"p":{"a":0,"k":[218,635,0],"ix":2},"a":{"a":0,"k":[-323,95,0],"ix":1},"s":{"a":0,"k":[100,100,100],"ix":6}},"ao":0,"shapes":[{"ty":"gr","it":[{"ind":0,"ty":"sh","ix":1,"ks":{"a":0,"k":{"i":[[0,0],[0,0],[0,0]],"o":[[0,0],[0,0],[0,0]],"v":[[-324,81],[-324,107],[-305,93]],"c":true},"ix":2},"nm":"Path 1","mn":"ADBE Vector Shape - Group","hd":false},{"ty":"fl","c":{"a":0,"k":[0,0,0,1],"ix":4},"o":{"a":0,"k":100,"ix":5},"r":1,"bm":0,"nm":"Fill 1","mn":"ADBE Vector Graphic - Fill","hd":false},{"ty":"tr","p":{"a":0,"k":[0,0],"ix":2},"a":{"a":0,"k":[0,0],"ix":1},"s":{"a":0,"k":[100,100],"ix":3},"r":{"a":0,"k":0,"ix":6},"o":{"a":0,"k":100,"ix":7},"sk":{"a":0,"k":0,"ix":4},"sa":{"a":0,"k":0,"ix":5},"nm":"Transform"}],"nm":"Shape 1","np":3,"cix":2,"bm":0,"ix":1,"mn":"ADBE Vector Group","hd":false}],"ip":412.000016781104,"op":909.000037024329,"st":-25.0000010182709,"bm":0},{"ddd":0,"ind":2,"ty":4,"nm":"arrowsmall","sr":1,"ks":{"o":{"a":1,"k":[{"i":{"x":[0.833],"y":[0.833]},"o":{"x":[0.167],"y":[0.167]},"t":412,"s":[0]},{"i":{"x":[0.833],"y":[0.833]},"o":{"x":[0.167],"y":[0.167]},"t":425,"s":[100]},{"i":{"x":[0.833],"y":[0.833]},"o":{"x":[0.167],"y":[0.167]},"t":886,"s":[100]},{"t":900.000036657751,"s":[0]}],"ix":11},"r":{"a":0,"k":0,"ix":10},"p":{"a":0,"k":[540,540,0],"ix":2},"a":{"a":0,"k":[0,0,0],"ix":1},"s":{"a":0,"k":[100,100,100],"ix":6}},"ao":0,"shapes":[{"ty":"gr","it":[{"ind":0,"ty":"sh","ix":1,"ks":{"a":0,"k":{"i":[[0,0],[0,0]],"o":[[0,0],[0,0]],"v":[[-372,94],[-308,94]],"c":false},"ix":2},"nm":"Path 1","mn":"ADBE Vector Shape - Group","hd":false},{"ty":"st","c":{"a":0,"k":[0,0,0,1],"ix":3},"o":{"a":0,"k":100,"ix":4},"w":{"a":0,"k":6,"ix":5},"lc":1,"lj":1,"ml":4,"bm":0,"nm":"Stroke 1","mn":"ADBE Vector Graphic - Stroke","hd":false},{"ty":"tr","p":{"a":0,"k":[0,0],"ix":2},"a":{"a":0,"k":[0,0],"ix":1},"s":{"a":0,"k":[100,100],"ix":3},"r":{"a":0,"k":0,"ix":6},"o":{"a":0,"k":100,"ix":7},"sk":{"a":0,"k":0,"ix":4},"sa":{"a":0,"k":0,"ix":5},"nm":"Transform"}],"nm":"Shape 1","np":3,"cix":2,"bm":0,"ix":1,"mn":"ADBE Vector Group","hd":false}],"ip":411.000016740373,"op":909.000037024329,"st":-25.0000010182709,"bm":0},{"ddd":0,"ind":3,"ty":4,"nm":"Image Outlines","sr":1,"ks":{"o":{"a":1,"k":[{"i":{"x":[0.833],"y":[0.833]},"o":{"x":[0.167],"y":[0.167]},"t":412,"s":[0]},{"i":{"x":[0.833],"y":[0.833]},"o":{"x":[0.167],"y":[0.167]},"t":425,"s":[100]},{"i":{"x":[0.833],"y":[0.833]},"o":{"x":[0.167],"y":[0.167]},"t":886,"s":[100]},{"t":900.000036657751,"s":[0]}],"ix":11},"r":{"a":0,"k":0,"ix":10},"p":{"a":0,"k":[98,643,0],"ix":2},"a":{"a":0,"k":[0,0,0],"ix":1},"s":{"a":0,"k":[100,100,100],"ix":6}},"ao":0,"shapes":[{"ty":"gr","it":[{"ind":0,"ty":"sh","ix":1,"ks":{"a":0,"k":{"i":[[0,0],[0,0],[0,0],[0,0]],"o":[[0,0],[0,0],[0,0],[0,0]],"v":[[-42.591,2],[-42.591,-26.074],[-47.938,-26.074],[-47.938,2]],"c":true},"ix":2},"nm":"I","mn":"ADBE Vector Shape - Group","hd":false},{"ty":"st","c":{"a":0,"k":[1,1,1,1],"ix":3},"o":{"a":0,"k":100,"ix":4},"w":{"a":0,"k":0.01,"ix":5},"lc":1,"lj":1,"ml":4,"bm":0,"nm":"Stroke 1","mn":"ADBE Vector Graphic - Stroke","hd":false},{"ty":"fl","c":{"a":0,"k":[0,0,0,1],"ix":4},"o":{"a":0,"k":100,"ix":5},"r":1,"bm":0,"nm":"Fill 1","mn":"ADBE Vector Graphic - Fill","hd":false},{"ty":"tr","p":{"a":0,"k":[0,0],"ix":2},"a":{"a":0,"k":[0,0],"ix":1},"s":{"a":0,"k":[100,100],"ix":3},"r":{"a":0,"k":0,"ix":6},"o":{"a":0,"k":100,"ix":7},"sk":{"a":0,"k":0,"ix":4},"sa":{"a":0,"k":0,"ix":5},"nm":"Transform"}],"nm":"I","np":3,"cix":2,"bm":0,"ix":1,"mn":"ADBE Vector Group","hd":false},{"ty":"gr","it":[{"ind":0,"ty":"sh","ix":1,"ks":{"a":0,"k":{"i":[[0,0],[0,0],[0,0],[-0.271,0.843],[-0.626,0.447],[-0.783,0],[-0.379,-0.281],[-0.181,-0.575],[0,-1.979],[0,0],[0,0],[0,0],[-0.277,0.888],[-0.626,0.46],[-0.711,0],[-0.47,-0.766],[0,-2.017],[0,0],[0,0],[0,0],[0.349,0.868],[0.976,0.607],[1.409,0],[0.976,-0.536],[0.843,-1.085],[0.903,0.536],[1.229,0],[1.674,-2.157],[0,0],[0,0]],"o":[[0,0],[0,0],[0,-1.953],[0.271,-0.843],[0.626,-0.447],[0.65,0],[0.379,0.281],[0.181,0.575],[0,0],[0,0],[0,0],[0,-1.915],[0.277,-0.887],[0.626,-0.46],[0.976,0],[0.349,0.587],[0,0],[0,0],[0,0],[0,-1.94],[-0.482,-1.174],[-0.976,-0.606],[-1.108,0],[-0.976,0.536],[-0.578,-1.085],[-0.903,-0.536],[-2.312,0],[0,0],[0,0],[0,0]],"v":[[-37.911,2],[-32.835,2],[-32.835,-7.882],[-32.428,-12.076],[-31.082,-14.01],[-28.969,-14.68],[-27.424,-14.259],[-26.584,-12.976],[-26.313,-9.146],[-26.313,2],[-21.236,2],[-21.236,-7.767],[-20.821,-11.97],[-19.466,-13.991],[-17.46,-14.68],[-15.292,-13.531],[-14.768,-9.624],[-14.768,2],[-9.692,2],[-9.692,-11.003],[-10.216,-15.216],[-12.402,-17.888],[-15.979,-18.797],[-19.104,-17.993],[-21.832,-15.561],[-24.054,-17.993],[-27.252,-18.797],[-33.232,-15.561],[-33.232,-18.338],[-37.911,-18.338]],"c":true},"ix":2},"nm":"m","mn":"ADBE Vector Shape - Group","hd":false},{"ty":"st","c":{"a":0,"k":[1,1,1,1],"ix":3},"o":{"a":0,"k":100,"ix":4},"w":{"a":0,"k":0.01,"ix":5},"lc":1,"lj":1,"ml":4,"bm":0,"nm":"Stroke 1","mn":"ADBE Vector Graphic - Stroke","hd":false},{"ty":"fl","c":{"a":0,"k":[0,0,0,1],"ix":4},"o":{"a":0,"k":100,"ix":5},"r":1,"bm":0,"nm":"Fill 1","mn":"ADBE Vector Graphic - Fill","hd":false},{"ty":"tr","p":{"a":0,"k":[0,0],"ix":2},"a":{"a":0,"k":[0,0],"ix":1},"s":{"a":0,"k":[100,100],"ix":3},"r":{"a":0,"k":0,"ix":6},"o":{"a":0,"k":100,"ix":7},"sk":{"a":0,"k":0,"ix":4},"sa":{"a":0,"k":0,"ix":5},"nm":"Transform"}],"nm":"m","np":3,"cix":2,"bm":0,"ix":2,"mn":"ADBE Vector Group","hd":false},{"ty":"gr","it":[{"ind":0,"ty":"sh","ix":1,"ks":{"a":0,"k":{"i":[[-0.506,0.377],[-0.903,0],[-0.482,-0.44],[0,-1.034],[0,0],[2.373,-0.472],[0.933,-0.479],[0.518,-0.9],[0,-1.149],[-1.138,-1.136],[-1.975,0],[-0.988,0.447],[-0.867,0.894],[-0.084,-0.319],[-0.133,-0.357],[0,0],[0.163,0.849],[0,1.788],[0,0],[0.452,0.875],[1.108,0.568],[2.264,0],[1.265,-0.945],[0.518,-1.966],[0,0]],"o":[[0.506,-0.376],[1.337,0],[0.482,0.44],[0,0],[-0.915,0.409],[-1.759,0.358],[-0.934,0.479],[-0.518,0.9],[0,1.736],[1.138,1.136],[1.12,0],[0.987,-0.447],[0.036,0.102],[0.193,0.702],[0,0],[-0.446,-0.97],[-0.163,-0.849],[0,0],[0,-2.336],[-0.452,-0.874],[-1.108,-0.568],[-2.493,0],[-1.265,0.945],[0,0],[0.313,-0.945]],"v":[[0.389,-14.115],[2.503,-14.68],[5.231,-14.019],[5.954,-11.807],[5.954,-11.271],[1.022,-9.95],[-3.016,-8.695],[-5.193,-6.627],[-5.97,-3.554],[-4.263,0.755],[0.407,2.46],[3.569,1.789],[6.351,-0.221],[6.532,0.411],[7.02,2],[12.042,2],[11.13,-0.729],[10.886,-4.683],[10.94,-10.965],[10.263,-15.781],[7.923,-17.945],[2.865,-18.797],[-2.772,-17.38],[-5.446,-13.014],[-0.839,-12.133]],"c":true},"ix":2},"nm":"a","mn":"ADBE Vector Shape - Group","hd":false},{"ind":1,"ty":"sh","ix":2,"ks":{"a":0,"k":{"i":[[0,0],[0.132,-0.46],[0.614,-0.485],[0.915,0],[0.53,0.549],[0,0.753],[-0.663,0.498],[-1.409,0.319],[-0.65,0.23]],"o":[[0,1.29],[-0.193,0.702],[-0.831,0.639],[-0.819,0],[-0.53,-0.549],[0,-0.766],[0.434,-0.306],[1.409,-0.319],[0,0]],"v":[[5.954,-6.694],[5.755,-4.071],[4.545,-2.29],[1.925,-1.332],[-0.098,-2.156],[-0.893,-4.109],[0.1,-6.005],[2.865,-6.943],[5.954,-7.767]],"c":true},"ix":2},"nm":"a","mn":"ADBE Vector Shape - Group","hd":false},{"ty":"mm","mm":1,"nm":"Merge Paths 1","mn":"ADBE Vector Filter - Merge","hd":false},{"ty":"st","c":{"a":0,"k":[1,1,1,1],"ix":3},"o":{"a":0,"k":100,"ix":4},"w":{"a":0,"k":0.01,"ix":5},"lc":1,"lj":1,"ml":4,"bm":0,"nm":"Stroke 1","mn":"ADBE Vector Graphic - Stroke","hd":false},{"ty":"fl","c":{"a":0,"k":[0,0,0,1],"ix":4},"o":{"a":0,"k":100,"ix":5},"r":1,"bm":0,"nm":"Fill 1","mn":"ADBE Vector Graphic - Fill","hd":false},{"ty":"tr","p":{"a":0,"k":[0,0],"ix":2},"a":{"a":0,"k":[0,0],"ix":1},"s":{"a":0,"k":[100,100],"ix":3},"r":{"a":0,"k":0,"ix":6},"o":{"a":0,"k":100,"ix":7},"sk":{"a":0,"k":0,"ix":4},"sa":{"a":0,"k":0,"ix":5},"nm":"Transform"}],"nm":"a","np":5,"cix":2,"bm":0,"ix":3,"mn":"ADBE Vector Group","hd":false},{"ty":"gr","it":[{"ind":0,"ty":"sh","ix":1,"ks":{"a":0,"k":{"i":[[0,-0.179],[-1.361,-1.181],[-3.252,0],[-1.126,0.383],[-0.675,0.677],[-0.373,1.187],[0,2.4],[0,0],[0,0],[0,0],[2.373,0],[1.548,-1.8],[0,-3.409],[-1.181,-1.826],[-2.578,0],[-1.518,2.196],[0,0],[0.156,-0.447],[0.445,-0.281],[1.325,0],[0.482,0.383],[0.096,0.715],[0,0]],"o":[[0,1.813],[1.361,1.181],[1.722,0],[1.126,-0.383],[0.674,-0.677],[0.373,-1.187],[0,0],[0,0],[0,0],[-1.542,-2.209],[-2.301,0],[-1.548,1.8],[0,2.719],[1.505,2.311],[2.312,0],[0,0],[0,1.2],[-0.229,0.625],[-0.663,0.421],[-1.036,0],[-0.349,-0.268],[0,0],[-0.012,0.255]],"v":[[15.457,3.992],[17.498,8.482],[24.418,10.254],[28.69,9.679],[31.391,8.09],[32.963,5.294],[33.523,-0.087],[33.523,-18.338],[28.772,-18.338],[28.772,-15.484],[22.9,-18.797],[17.128,-16.097],[14.806,-8.284],[16.577,-1.466],[22.701,2],[28.447,-1.294],[28.447,1.674],[28.212,4.145],[27.2,5.505],[24.219,6.136],[21.943,5.562],[21.274,4.087],[15.475,3.341]],"c":true},"ix":2},"nm":"g","mn":"ADBE Vector Shape - Group","hd":false},{"ind":1,"ty":"sh","ix":2,"ks":{"a":0,"k":{"i":[[-0.789,1.002],[-1.217,0],[-0.819,-1.021],[0,-2.107],[0.855,-1.028],[1.24,0],[0.789,1.002],[0,2.158]],"o":[[0.789,-1.002],[1.253,0],[0.819,1.022],[0,2.017],[-0.855,1.028],[-1.156,0],[-0.789,-1.002],[0,-2.055]],"v":[[21.193,-13.177],[24.201,-14.68],[27.308,-13.148],[28.537,-8.456],[27.254,-3.889],[24.111,-2.347],[21.193,-3.85],[20.01,-8.59]],"c":true},"ix":2},"nm":"g","mn":"ADBE Vector Shape - Group","hd":false},{"ty":"mm","mm":1,"nm":"Merge Paths 1","mn":"ADBE Vector Filter - Merge","hd":false},{"ty":"st","c":{"a":0,"k":[1,1,1,1],"ix":3},"o":{"a":0,"k":100,"ix":4},"w":{"a":0,"k":0.01,"ix":5},"lc":1,"lj":1,"ml":4,"bm":0,"nm":"Stroke 1","mn":"ADBE Vector Graphic - Stroke","hd":false},{"ty":"fl","c":{"a":0,"k":[0,0,0,1],"ix":4},"o":{"a":0,"k":100,"ix":5},"r":1,"bm":0,"nm":"Fill 1","mn":"ADBE Vector Graphic - Fill","hd":false},{"ty":"tr","p":{"a":0,"k":[0,0],"ix":2},"a":{"a":0,"k":[0,0],"ix":1},"s":{"a":0,"k":[100,100],"ix":3},"r":{"a":0,"k":0,"ix":6},"o":{"a":0,"k":100,"ix":7},"sk":{"a":0,"k":0,"ix":4},"sa":{"a":0,"k":0,"ix":5},"nm":"Transform"}],"nm":"g","np":5,"cix":2,"bm":0,"ix":4,"mn":"ADBE Vector Group","hd":false},{"ty":"gr","it":[{"ind":0,"ty":"sh","ix":1,"ks":{"a":0,"k":{"i":[[0.542,-0.46],[0.795,0],[0.783,0.888],[0.036,1.596],[0,0],[1.65,1.998],[2.854,0],[1.662,-1.908],[0,-3.37],[-1.265,-1.851],[-3.336,0],[-1.403,1.028],[-0.65,1.966],[0,0]],"o":[[-0.542,0.46],[-1.168,0],[-0.783,-0.887],[0,0],[0.072,-4.124],[-1.65,-1.998],[-2.541,0],[-1.662,1.909],[0,2.822],[1.602,2.311],[2.108,0],[1.403,-1.028],[0,0],[-0.277,1.022]],"v":[[48.428,-2.251],[46.423,-1.562],[43.496,-2.893],[42.267,-6.618],[54.986,-6.618],[52.619,-15.8],[45.863,-18.797],[39.557,-15.934],[37.064,-8.016],[38.961,-1.007],[46.368,2.46],[51.635,0.918],[54.715,-3.573],[49.656,-4.473]],"c":true},"ix":2},"nm":"e","mn":"ADBE Vector Shape - Group","hd":false},{"ind":1,"ty":"sh","ix":2,"ks":{"a":0,"k":{"i":[[0,0],[-0.723,0.855],[-1.108,0],[-0.723,-0.811],[-0.036,-1.557]],"o":[[-0.012,-1.468],[0.723,-0.855],[1.036,0],[0.723,0.811],[0,0]],"v":[[42.358,-9.912],[43.424,-13.397],[46.17,-14.68],[48.807,-13.464],[49.946,-9.912]],"c":true},"ix":2},"nm":"e","mn":"ADBE Vector Shape - Group","hd":false},{"ty":"mm","mm":1,"nm":"Merge Paths 1","mn":"ADBE Vector Filter - Merge","hd":false},{"ty":"st","c":{"a":0,"k":[1,1,1,1],"ix":3},"o":{"a":0,"k":100,"ix":4},"w":{"a":0,"k":0.01,"ix":5},"lc":1,"lj":1,"ml":4,"bm":0,"nm":"Stroke 1","mn":"ADBE Vector Graphic - Stroke","hd":false},{"ty":"fl","c":{"a":0,"k":[0,0,0,1],"ix":4},"o":{"a":0,"k":100,"ix":5},"r":1,"bm":0,"nm":"Fill 1","mn":"ADBE Vector Graphic - Fill","hd":false},{"ty":"tr","p":{"a":0,"k":[0,0],"ix":2},"a":{"a":0,"k":[0,0],"ix":1},"s":{"a":0,"k":[100,100],"ix":3},"r":{"a":0,"k":0,"ix":6},"o":{"a":0,"k":100,"ix":7},"sk":{"a":0,"k":0,"ix":4},"sa":{"a":0,"k":0,"ix":5},"nm":"Transform"}],"nm":"e","np":5,"cix":2,"bm":0,"ix":5,"mn":"ADBE Vector Group","hd":false}],"ip":411.000016740373,"op":909.000037024329,"st":-25.0000010182709,"bm":0},{"ddd":0,"ind":4,"ty":4,"nm":"head2","sr":1,"ks":{"o":{"a":1,"k":[{"i":{"x":[0.833],"y":[0.833]},"o":{"x":[0.167],"y":[0.167]},"t":884,"s":[100]},{"t":898.00003657629,"s":[0]}],"ix":11},"r":{"a":1,"k":[{"i":{"x":[0.833],"y":[0.833]},"o":{"x":[0.167],"y":[0.167]},"t":267,"s":[25.108]},{"i":{"x":[0.833],"y":[0.833]},"o":{"x":[0.167],"y":[0.167]},"t":268,"s":[150.108]},{"t":346.000014092869,"s":[150.108]}],"ix":10},"p":{"a":1,"k":[{"i":{"x":0.833,"y":0.833},"o":{"x":0.167,"y":0.167},"t":169,"s":[509,295,0],"to":[70.667,35.333,0],"ti":[-72.278,-33.359,0]},{"i":{"x":0.833,"y":0.833},"o":{"x":0.167,"y":0.167},"t":209,"s":[933,507,0],"to":[13,6,0],"ti":[-3.5,-1.5,0]},{"i":{"x":0.833,"y":0.833},"o":{"x":0.167,"y":0.167},"t":267,"s":[935,511,0],"to":[3.5,1.5,0],"ti":[28.167,-17.167,0]},{"i":{"x":0.833,"y":0.833},"o":{"x":0.167,"y":0.167},"t":268,"s":[954,516,0],"to":[-159.41,97.155,0],"ti":[163,-100,0]},{"t":346.000014092869,"s":[-24,1116,0]}],"ix":2},"a":{"a":0,"k":[338,-248,0],"ix":1},"s":{"a":0,"k":[100,100,100],"ix":6}},"ao":0,"shapes":[{"ty":"gr","it":[{"ind":0,"ty":"sh","ix":1,"ks":{"a":0,"k":{"i":[[0,0],[0,0],[0,0]],"o":[[0,0],[0,0],[0,0]],"v":[[335,-267],[334,-229],[362,-248]],"c":true},"ix":2},"nm":"Path 1","mn":"ADBE Vector Shape - Group","hd":false},{"ty":"fl","c":{"a":0,"k":[0.917647118662,0.643137254902,0.207843152214,1],"ix":4},"o":{"a":0,"k":100,"ix":5},"r":1,"bm":0,"nm":"Fill 1","mn":"ADBE Vector Graphic - Fill","hd":false},{"ty":"tr","p":{"a":0,"k":[0,0],"ix":2},"a":{"a":0,"k":[0,0],"ix":1},"s":{"a":0,"k":[100,100],"ix":3},"r":{"a":0,"k":0,"ix":6},"o":{"a":0,"k":100,"ix":7},"sk":{"a":0,"k":0,"ix":4},"sa":{"a":0,"k":0,"ix":5},"nm":"Transform"}],"nm":"Shape 1","np":3,"cix":2,"bm":0,"ix":1,"mn":"ADBE Vector Group","hd":false}],"ip":169.000006883511,"op":909.000037024329,"st":-79.000003217736,"bm":0},{"ddd":0,"ind":5,"ty":4,"nm":"head1","sr":1,"ks":{"o":{"a":1,"k":[{"i":{"x":[0.833],"y":[0.833]},"o":{"x":[0.167],"y":[0.167]},"t":884,"s":[100]},{"t":898.00003657629,"s":[0]}],"ix":11},"r":{"a":1,"k":[{"i":{"x":[0.833],"y":[0.833]},"o":{"x":[0.167],"y":[0.167]},"t":267,"s":[0]},{"t":268.000010915864,"s":[129]}],"ix":10},"p":{"a":1,"k":[{"i":{"x":0.833,"y":0.833},"o":{"x":0.167,"y":0.167},"t":169,"s":[511,292,0],"to":[60.667,0,0],"ti":[-60.667,0,0]},{"i":{"x":0.833,"y":0.833},"o":{"x":0.167,"y":0.167},"t":209,"s":[875,292,0],"to":[0,0,0],"ti":[0,0,0]},{"i":{"x":0.833,"y":0.833},"o":{"x":0.167,"y":0.167},"t":267,"s":[875,292,0],"to":[3.333,0.833,0],"ti":[130.333,-135.833,0]},{"i":{"x":0.833,"y":0.833},"o":{"x":0.167,"y":0.167},"t":268,"s":[895,297,0],"to":[-130.333,135.833,0],"ti":[133.667,-135,0]},{"t":346.000014092869,"s":[93,1107,0]}],"ix":2},"a":{"a":0,"k":[335,-248,0],"ix":1},"s":{"a":0,"k":[100,100,100],"ix":6}},"ao":0,"shapes":[{"ty":"gr","it":[{"ind":0,"ty":"sh","ix":1,"ks":{"a":0,"k":{"i":[[0,0],[0,0],[0,0]],"o":[[0,0],[0,0],[0,0]],"v":[[335,-267],[334,-229],[362,-248]],"c":true},"ix":2},"nm":"Path 1","mn":"ADBE Vector Shape - Group","hd":false},{"ty":"fl","c":{"a":0,"k":[0.611764705882,0.207843152214,0.917647118662,1],"ix":4},"o":{"a":0,"k":100,"ix":5},"r":1,"bm":0,"nm":"Fill 1","mn":"ADBE Vector Graphic - Fill","hd":false},{"ty":"tr","p":{"a":0,"k":[0,0],"ix":2},"a":{"a":0,"k":[0,0],"ix":1},"s":{"a":0,"k":[100,100],"ix":3},"r":{"a":0,"k":0,"ix":6},"o":{"a":0,"k":100,"ix":7},"sk":{"a":0,"k":0,"ix":4},"sa":{"a":0,"k":0,"ix":5},"nm":"Transform"}],"nm":"Shape 1","np":3,"cix":2,"bm":0,"ix":1,"mn":"ADBE Vector Group","hd":false}],"ip":169.000006883511,"op":909.000037024329,"st":-79.000003217736,"bm":0},{"ddd":0,"ind":6,"ty":4,"nm":"arrow2","sr":1,"ks":{"o":{"a":1,"k":[{"i":{"x":[0.833],"y":[0.833]},"o":{"x":[0.167],"y":[0.167]},"t":885,"s":[100]},{"t":898.00003657629,"s":[0]}],"ix":11},"r":{"a":0,"k":0,"ix":10},"p":{"a":0,"k":[540,540,0],"ix":2},"a":{"a":0,"k":[0,0,0],"ix":1},"s":{"a":0,"k":[100,100,100],"ix":6}},"ao":0,"shapes":[{"ty":"gr","it":[{"ind":0,"ty":"sh","ix":1,"ks":{"a":0,"k":{"i":[[0,0],[0,0],[0,0]],"o":[[0,0],[0,0],[0,0]],"v":[[-26,-246],[414,-20],[-574,584]],"c":false},"ix":2},"nm":"Path 1","mn":"ADBE Vector Shape - Group","hd":false},{"ty":"st","c":{"a":0,"k":[0.917646998985,0.644033215093,0.207843002619,1],"ix":3},"o":{"a":0,"k":100,"ix":4},"w":{"a":0,"k":7,"ix":5},"lc":1,"lj":1,"ml":4,"bm":0,"nm":"Stroke 1","mn":"ADBE Vector Graphic - Stroke","hd":false},{"ty":"tr","p":{"a":0,"k":[0,0],"ix":2},"a":{"a":0,"k":[0,0],"ix":1},"s":{"a":0,"k":[100,100],"ix":3},"r":{"a":0,"k":0,"ix":6},"o":{"a":0,"k":100,"ix":7},"sk":{"a":0,"k":0,"ix":4},"sa":{"a":0,"k":0,"ix":5},"nm":"Transform"}],"nm":"Shape 1","np":3,"cix":2,"bm":0,"ix":1,"mn":"ADBE Vector Group","hd":false},{"ty":"tm","s":{"a":1,"k":[{"i":{"x":[0.833],"y":[0.833]},"o":{"x":[0.167],"y":[0.167]},"t":170,"s":[0]},{"i":{"x":[0.833],"y":[0.833]},"o":{"x":[0.167],"y":[0.167]},"t":209,"s":[0]},{"i":{"x":[0.833],"y":[0.833]},"o":{"x":[0.167],"y":[0.167]},"t":267,"s":[0]},{"t":346.000014092869,"s":[0]}],"ix":1},"e":{"a":1,"k":[{"i":{"x":[0.833],"y":[0.833]},"o":{"x":[0.167],"y":[0.167]},"t":170,"s":[0]},{"i":{"x":[0.833],"y":[0.833]},"o":{"x":[0.167],"y":[0.167]},"t":209,"s":[29.56]},{"i":{"x":[0.833],"y":[0.833]},"o":{"x":[0.167],"y":[0.167]},"t":267,"s":[29.56]},{"t":346.000014092869,"s":[100]}],"ix":2},"o":{"a":0,"k":0,"ix":3},"m":1,"ix":2,"nm":"Trim Paths 1","mn":"ADBE Vector Filter - Trim","hd":false}],"ip":169.000006883511,"op":909.000037024329,"st":-79.000003217736,"bm":0},{"ddd":0,"ind":7,"ty":4,"nm":"arrow1","sr":1,"ks":{"o":{"a":1,"k":[{"i":{"x":[0.833],"y":[0.833]},"o":{"x":[0.167],"y":[0.167]},"t":885,"s":[100]},{"t":898.00003657629,"s":[0]}],"ix":11},"r":{"a":0,"k":0,"ix":10},"p":{"a":0,"k":[540,540,0],"ix":2},"a":{"a":0,"k":[0,0,0],"ix":1},"s":{"a":0,"k":[100,100,100],"ix":6}},"ao":0,"shapes":[{"ty":"gr","it":[{"ind":0,"ty":"sh","ix":1,"ks":{"a":0,"k":{"i":[[0,0],[0,0],[0,0]],"o":[[0,0],[0,0],[0,0]],"v":[[-30,-248],[362,-248],[-470,594]],"c":false},"ix":2},"nm":"Path 1","mn":"ADBE Vector Shape - Group","hd":false},{"ty":"tm","s":{"a":1,"k":[{"i":{"x":[0.833],"y":[0.833]},"o":{"x":[0.167],"y":[0.167]},"t":169,"s":[0]},{"i":{"x":[0.833],"y":[0.833]},"o":{"x":[0.167],"y":[0.167]},"t":209,"s":[0]},{"i":{"x":[0.833],"y":[0.833]},"o":{"x":[0.167],"y":[0.167]},"t":266,"s":[0]},{"t":347.0000141336,"s":[0]}],"ix":1},"e":{"a":1,"k":[{"i":{"x":[0.833],"y":[0.833]},"o":{"x":[0.167],"y":[0.167]},"t":169,"s":[0]},{"i":{"x":[0.833],"y":[0.833]},"o":{"x":[0.167],"y":[0.167]},"t":209,"s":[24.846]},{"i":{"x":[0.833],"y":[0.833]},"o":{"x":[0.167],"y":[0.167]},"t":266,"s":[24.846]},{"t":347.0000141336,"s":[100]}],"ix":2},"o":{"a":0,"k":0,"ix":3},"m":1,"ix":2,"nm":"Trim Paths 1","mn":"ADBE Vector Filter - Trim","hd":false},{"ty":"st","c":{"a":0,"k":[0.611765005074,0.207843002619,0.917646998985,1],"ix":3},"o":{"a":0,"k":100,"ix":4},"w":{"a":0,"k":7,"ix":5},"lc":1,"lj":1,"ml":4,"bm":0,"nm":"Stroke 1","mn":"ADBE Vector Graphic - Stroke","hd":false},{"ty":"tr","p":{"a":0,"k":[0,0],"ix":2},"a":{"a":0,"k":[0,0],"ix":1},"s":{"a":0,"k":[100,100],"ix":3},"r":{"a":0,"k":0,"ix":6},"o":{"a":0,"k":100,"ix":7},"sk":{"a":0,"k":0,"ix":4},"sa":{"a":0,"k":0,"ix":5},"nm":"Transform"}],"nm":"Shape 1","np":4,"cix":2,"bm":0,"ix":1,"mn":"ADBE Vector Group","hd":false}],"ip":169.000006883511,"op":909.000037024329,"st":-79.000003217736,"bm":0},{"ddd":0,"ind":8,"ty":3,"nm":"Null 1","sr":1,"ks":{"o":{"a":0,"k":0,"ix":11},"r":{"a":0,"k":0,"ix":10},"p":{"a":0,"k":[574,534,0],"ix":2},"a":{"a":0,"k":[0,0,0],"ix":1},"s":{"a":0,"k":[81,81,100],"ix":6}},"ao":0,"ip":0,"op":901.000036698482,"st":0,"bm":0},{"ddd":0,"ind":9,"ty":4,"nm":"Object Outlines","parent":8,"sr":1,"ks":{"o":{"a":1,"k":[{"i":{"x":[0.833],"y":[0.833]},"o":{"x":[0.167],"y":[0.167]},"t":107,"s":[0]},{"i":{"x":[0.833],"y":[0.833]},"o":{"x":[0.167],"y":[0.167]},"t":123,"s":[100]},{"i":{"x":[0.833],"y":[0.833]},"o":{"x":[0.167],"y":[0.167]},"t":888,"s":[100]},{"t":900.000036657751,"s":[0]}],"ix":11},"r":{"a":0,"k":0,"ix":10},"p":{"a":0,"k":[-70,34,0],"ix":2},"a":{"a":0,"k":[0,0,0],"ix":1},"s":{"a":0,"k":[90,90,100],"ix":6}},"ao":0,"hasMask":true,"masksProperties":[{"inv":false,"mode":"n","pt":{"a":0,"k":{"i":[[0,0]],"o":[[0,0]],"v":[[740,-324]],"c":false},"ix":1},"o":{"a":0,"k":100,"ix":3},"x":{"a":0,"k":0,"ix":4},"nm":"Mask 1"}],"shapes":[{"ty":"gr","it":[{"ind":0,"ty":"sh","ix":1,"ks":{"a":0,"k":{"i":[[-2.764,-3.029],[-4.684,0],[-2.764,3.044],[0,5.39],[2.786,3.052],[4.641,0],[1.962,-0.88],[1.239,-1.351],[0.716,-1.7],[0,-3.401]],"o":[[2.764,3.029],[4.626,0],[2.764,-3.044],[0,-5.435],[-2.786,-3.052],[-2.564,0],[-1.475,0.653],[-1.239,1.351],[-0.96,2.308],[0,5.314]],"v":[[-59.401,-1.974],[-48.229,2.569],[-37.144,-1.997],[-32.997,-14.647],[-37.176,-27.378],[-48.315,-31.955],[-55.104,-30.634],[-59.176,-27.628],[-62.108,-23.051],[-63.548,-14.488]],"c":true},"ix":2},"nm":"O","mn":"ADBE Vector Shape - Group","hd":false},{"ind":1,"ty":"sh","ix":2,"ks":{"a":0,"k":{"i":[[-1.604,1.906],[-2.621,0],[-1.583,-1.882],[0,-3.826],[1.625,-1.936],[2.535,0],[1.647,1.951],[0,3.78]],"o":[[1.604,-1.905],[2.621,0],[1.582,1.883],[0,3.871],[-1.626,1.936],[-2.535,0],[-1.647,-1.951],[0,-3.841]],"v":[[-54.589,-23.335],[-48.251,-26.194],[-41.945,-23.37],[-39.571,-14.807],[-42.01,-6.096],[-48.251,-3.192],[-54.524,-6.119],[-56.995,-14.716]],"c":true},"ix":2},"nm":"O","mn":"ADBE Vector Shape - Group","hd":false},{"ty":"mm","mm":1,"nm":"Merge Paths 1","mn":"ADBE Vector Filter - Merge","hd":false},{"ty":"st","c":{"a":0,"k":[1,1,1,1],"ix":3},"o":{"a":0,"k":100,"ix":4},"w":{"a":0,"k":0.01,"ix":5},"lc":1,"lj":1,"ml":4,"bm":0,"nm":"Stroke 1","mn":"ADBE Vector Graphic - Stroke","hd":false},{"ty":"fl","c":{"a":0,"k":[0,0,0,1],"ix":4},"o":{"a":0,"k":100,"ix":5},"r":1,"bm":0,"nm":"Fill 1","mn":"ADBE Vector Graphic - Fill","hd":false},{"ty":"tr","p":{"a":0,"k":[0,0],"ix":2},"a":{"a":0,"k":[0,0],"ix":1},"s":{"a":0,"k":[100,100],"ix":3},"r":{"a":0,"k":0,"ix":6},"o":{"a":0,"k":100,"ix":7},"sk":{"a":0,"k":0,"ix":4},"sa":{"a":0,"k":0,"ix":5},"nm":"Transform"}],"nm":"O","np":5,"cix":2,"bm":0,"ix":1,"mn":"ADBE Vector Group","hd":false},{"ty":"gr","it":[{"ind":0,"ty":"sh","ix":1,"ks":{"a":0,"k":{"i":[[0,0],[0,0],[-1.268,-0.691],[-1.303,0],[-1.855,2.232],[0,4.13],[1.819,2.133],[2.779,0],[1.862,-2.247],[0,0],[0,0],[0,0]],"o":[[0,0],[0.916,1.351],[1.268,0.691],[2.65,0],[1.855,-2.232],[0,-3.993],[-1.819,-2.133],[-2.55,0],[0,0],[0,0],[0,0],[0,0]],"v":[[-22.728,2],[-22.728,-1.553],[-19.451,1.51],[-15.595,2.547],[-8.838,-0.801],[-6.056,-10.343],[-8.784,-19.532],[-15.681,-22.732],[-22.298,-19.361],[-22.298,-31.386],[-28.335,-31.386],[-28.335,2]],"c":true},"ix":2},"nm":"b","mn":"ADBE Vector Shape - Group","hd":false},{"ind":1,"ty":"sh","ix":2,"ks":{"a":0,"k":{"i":[[-0.96,1.192],[-1.447,0],[-0.945,-1.222],[0,-2.763],[0.938,-1.207],[1.332,0],[1.045,1.701],[0,2.505]],"o":[[0.959,-1.192],[1.475,0],[0.945,1.222],[0,2.596],[-0.938,1.207],[-1.733,0],[-0.745,-1.199],[0,-2.429]],"v":[[-20.901,-16.048],[-17.292,-17.836],[-13.661,-16.002],[-12.243,-10.024],[-13.65,-4.32],[-17.056,-2.509],[-21.224,-5.06],[-22.341,-10.616]],"c":true},"ix":2},"nm":"b","mn":"ADBE Vector Shape - Group","hd":false},{"ty":"mm","mm":1,"nm":"Merge Paths 1","mn":"ADBE Vector Filter - Merge","hd":false},{"ty":"st","c":{"a":0,"k":[1,1,1,1],"ix":3},"o":{"a":0,"k":100,"ix":4},"w":{"a":0,"k":0.01,"ix":5},"lc":1,"lj":1,"ml":4,"bm":0,"nm":"Stroke 1","mn":"ADBE Vector Graphic - Stroke","hd":false},{"ty":"fl","c":{"a":0,"k":[0,0,0,1],"ix":4},"o":{"a":0,"k":100,"ix":5},"r":1,"bm":0,"nm":"Fill 1","mn":"ADBE Vector Graphic - Fill","hd":false},{"ty":"tr","p":{"a":0,"k":[0,0],"ix":2},"a":{"a":0,"k":[0,0],"ix":1},"s":{"a":0,"k":[100,100],"ix":3},"r":{"a":0,"k":0,"ix":6},"o":{"a":0,"k":100,"ix":7},"sk":{"a":0,"k":0,"ix":4},"sa":{"a":0,"k":0,"ix":5},"nm":"Transform"}],"nm":"b","np":5,"cix":2,"bm":0,"ix":2,"mn":"ADBE Vector Group","hd":false},{"ty":"gr","it":[{"ind":0,"ty":"sh","ix":1,"ks":{"a":0,"k":{"i":[[0,0],[0,0],[0,0],[0,0]],"o":[[0,0],[0,0],[0,0],[0,0]],"v":[[4.708,-25.465],[4.708,-31.386],[-1.329,-31.386],[-1.329,-25.465]],"c":true},"ix":2},"nm":"j","mn":"ADBE Vector Shape - Group","hd":false},{"ind":1,"ty":"sh","ix":2,"ks":{"a":0,"k":{"i":[[0,0],[0,0],[0.129,-0.395],[0.394,-0.281],[0.616,0],[0.25,0.038],[0.287,0.061],[0,0],[-0.695,-0.114],[-0.602,0],[-1.082,0.713],[-0.38,1.267],[0,3.082],[0,0]],"o":[[0,0],[0,1.973],[-0.129,0.395],[-0.394,0.281],[-0.215,0],[-0.25,-0.038],[0,0],[0.802,0.228],[0.695,0.114],[1.676,0],[1.081,-0.714],[0.379,-1.268],[0,0],[0,0]],"v":[[-1.329,-22.185],[-1.329,0.884],[-1.522,4.437],[-2.307,5.45],[-3.821,5.871],[-4.52,5.815],[-5.325,5.667],[-6.378,11.132],[-4.133,11.645],[-2.188,11.815],[1.947,10.745],[4.139,7.773],[4.708,1.248],[4.708,-22.185]],"c":true},"ix":2},"nm":"j","mn":"ADBE Vector Shape - Group","hd":false},{"ty":"mm","mm":1,"nm":"Merge Paths 1","mn":"ADBE Vector Filter - Merge","hd":false},{"ty":"st","c":{"a":0,"k":[1,1,1,1],"ix":3},"o":{"a":0,"k":100,"ix":4},"w":{"a":0,"k":0.01,"ix":5},"lc":1,"lj":1,"ml":4,"bm":0,"nm":"Stroke 1","mn":"ADBE Vector Graphic - Stroke","hd":false},{"ty":"fl","c":{"a":0,"k":[0,0,0,1],"ix":4},"o":{"a":0,"k":100,"ix":5},"r":1,"bm":0,"nm":"Fill 1","mn":"ADBE Vector Graphic - Fill","hd":false},{"ty":"tr","p":{"a":0,"k":[0,0],"ix":2},"a":{"a":0,"k":[0,0],"ix":1},"s":{"a":0,"k":[100,100],"ix":3},"r":{"a":0,"k":0,"ix":6},"o":{"a":0,"k":100,"ix":7},"sk":{"a":0,"k":0,"ix":4},"sa":{"a":0,"k":0,"ix":5},"nm":"Transform"}],"nm":"j","np":5,"cix":2,"bm":0,"ix":3,"mn":"ADBE Vector Group","hd":false},{"ty":"gr","it":[{"ind":0,"ty":"sh","ix":1,"ks":{"a":0,"k":{"i":[[0.645,-0.547],[0.945,0],[0.931,1.055],[0.043,1.898],[0,0],[1.962,2.376],[3.395,0],[1.977,-2.27],[0,-4.008],[-1.504,-2.201],[-3.968,0],[-1.669,1.222],[-0.773,2.338],[0,0]],"o":[[-0.645,0.547],[-1.389,0],[-0.931,-1.055],[0,0],[0.086,-4.904],[-1.962,-2.376],[-3.022,0],[-1.977,2.27],[0,3.356],[1.905,2.748],[2.506,0],[1.668,-1.222],[0,0],[-0.33,1.215]],"v":[[22.776,-3.056],[20.392,-2.236],[16.911,-3.819],[15.45,-8.248],[30.575,-8.248],[27.761,-19.168],[19.726,-22.732],[12.228,-19.327],[9.263,-9.911],[11.519,-1.575],[20.327,2.547],[26.59,0.713],[30.253,-4.627],[24.237,-5.697]],"c":true},"ix":2},"nm":"e","mn":"ADBE Vector Shape - Group","hd":false},{"ind":1,"ty":"sh","ix":2,"ks":{"a":0,"k":{"i":[[0,0],[-0.859,1.017],[-1.318,0],[-0.859,-0.964],[-0.043,-1.852]],"o":[[-0.014,-1.746],[0.859,-1.017],[1.232,0],[0.859,0.964],[0,0]],"v":[[15.558,-12.165],[16.825,-16.31],[20.091,-17.836],[23.228,-16.39],[24.581,-12.165]],"c":true},"ix":2},"nm":"e","mn":"ADBE Vector Shape - Group","hd":false},{"ty":"mm","mm":1,"nm":"Merge Paths 1","mn":"ADBE Vector Filter - Merge","hd":false},{"ty":"st","c":{"a":0,"k":[1,1,1,1],"ix":3},"o":{"a":0,"k":100,"ix":4},"w":{"a":0,"k":0.01,"ix":5},"lc":1,"lj":1,"ml":4,"bm":0,"nm":"Stroke 1","mn":"ADBE Vector Graphic - Stroke","hd":false},{"ty":"fl","c":{"a":0,"k":[0,0,0,1],"ix":4},"o":{"a":0,"k":100,"ix":5},"r":1,"bm":0,"nm":"Fill 1","mn":"ADBE Vector Graphic - Fill","hd":false},{"ty":"tr","p":{"a":0,"k":[0,0],"ix":2},"a":{"a":0,"k":[0,0],"ix":1},"s":{"a":0,"k":[100,100],"ix":3},"r":{"a":0,"k":0,"ix":6},"o":{"a":0,"k":100,"ix":7},"sk":{"a":0,"k":0,"ix":4},"sa":{"a":0,"k":0,"ix":5},"nm":"Transform"}],"nm":"e","np":5,"cix":2,"bm":0,"ix":4,"mn":"ADBE Vector Group","hd":false},{"ty":"gr","it":[{"ind":0,"ty":"sh","ix":1,"ks":{"a":0,"k":{"i":[[1.64,1.268],[2.779,0],[1.991,-2.224],[0,-3.993],[-1.984,-2.232],[-3.337,0],[-1.748,1.473],[-0.616,2.885],[0,0],[0.73,-0.691],[1.146,0],[0.909,1.184],[0,2.869],[-0.895,1.101],[-1.504,0],[-0.709,-0.638],[-0.201,-1.26],[0,0]],"o":[[-1.64,-1.267],[-3.395,0],[-1.991,2.224],[0,3.948],[1.984,2.232],[2.936,0],[1.747,-1.472],[0,0],[-0.301,1.685],[-0.73,0.691],[-1.533,0],[-0.91,-1.184],[0,-2.581],[0.895,-1.101],[1.131,0],[0.709,0.638],[0,0],[-0.716,-2.596]],"v":[[51.855,-20.83],[45.228,-22.732],[37.149,-19.396],[34.163,-10.07],[37.139,-0.801],[45.12,2.547],[52.146,0.338],[55.69,-6.198],[49.761,-7.269],[48.214,-3.705],[45.399,-2.669],[41.736,-4.445],[40.372,-10.525],[41.715,-16.048],[45.313,-17.699],[48.074,-16.743],[49.438,-13.896],[55.39,-15.035]],"c":true},"ix":2},"nm":"c","mn":"ADBE Vector Shape - Group","hd":false},{"ty":"st","c":{"a":0,"k":[1,1,1,1],"ix":3},"o":{"a":0,"k":100,"ix":4},"w":{"a":0,"k":0.01,"ix":5},"lc":1,"lj":1,"ml":4,"bm":0,"nm":"Stroke 1","mn":"ADBE Vector Graphic - Stroke","hd":false},{"ty":"fl","c":{"a":0,"k":[0,0,0,1],"ix":4},"o":{"a":0,"k":100,"ix":5},"r":1,"bm":0,"nm":"Fill 1","mn":"ADBE Vector Graphic - Fill","hd":false},{"ty":"tr","p":{"a":0,"k":[0,0],"ix":2},"a":{"a":0,"k":[0,0],"ix":1},"s":{"a":0,"k":[100,100],"ix":3},"r":{"a":0,"k":0,"ix":6},"o":{"a":0,"k":100,"ix":7},"sk":{"a":0,"k":0,"ix":4},"sa":{"a":0,"k":0,"ix":5},"nm":"Transform"}],"nm":"c","np":3,"cix":2,"bm":0,"ix":5,"mn":"ADBE Vector Group","hd":false},{"ty":"gr","it":[{"ind":0,"ty":"sh","ix":1,"ks":{"a":0,"k":{"i":[[0,0],[0,0],[0,0],[0,0],[0,0],[0,0],[0,0],[0,0],[-0.129,-0.744],[-0.408,-0.615],[-0.874,-0.387],[-1.089,0],[-1.404,0.638],[0,0],[0.559,0],[0.279,0.213],[0.079,0.327],[0,1.974],[0,0],[0,0],[0,0]],"o":[[0,0],[0,0],[0,0],[0,0],[0,0],[0,0],[0,0],[0,2.262],[0.157,1.048],[0.408,0.615],[0.873,0.387],[1.776,0],[0,0],[-1.06,0.41],[-0.401,0],[-0.279,-0.212],[-0.079,-0.326],[0,0],[0,0],[0,0],[0,0]],"v":[[66.304,-22.185],[66.304,-30.725],[60.245,-26.991],[60.245,-22.185],[57.474,-22.185],[57.474,-17.084],[60.245,-17.084],[60.245,-6.54],[60.438,-2.031],[61.287,0.463],[63.21,1.966],[66.153,2.547],[70.923,1.59],[70.407,-3.375],[67.979,-2.76],[66.959,-3.078],[66.422,-3.887],[66.304,-7.337],[66.304,-17.084],[70.429,-17.084],[70.429,-22.185]],"c":true},"ix":2},"nm":"t","mn":"ADBE Vector Shape - Group","hd":false},{"ty":"st","c":{"a":0,"k":[1,1,1,1],"ix":3},"o":{"a":0,"k":100,"ix":4},"w":{"a":0,"k":0.01,"ix":5},"lc":1,"lj":1,"ml":4,"bm":0,"nm":"Stroke 1","mn":"ADBE Vector Graphic - Stroke","hd":false},{"ty":"fl","c":{"a":0,"k":[0,0,0,1],"ix":4},"o":{"a":0,"k":100,"ix":5},"r":1,"bm":0,"nm":"Fill 1","mn":"ADBE Vector Graphic - Fill","hd":false},{"ty":"tr","p":{"a":0,"k":[0,0],"ix":2},"a":{"a":0,"k":[0,0],"ix":1},"s":{"a":0,"k":[100,100],"ix":3},"r":{"a":0,"k":0,"ix":6},"o":{"a":0,"k":100,"ix":7},"sk":{"a":0,"k":0,"ix":4},"sa":{"a":0,"k":0,"ix":5},"nm":"Transform"}],"nm":"t","np":3,"cix":2,"bm":0,"ix":6,"mn":"ADBE Vector Group","hd":false}],"ip":108.00000439893,"op":971.000039549641,"st":70.0000028511585,"bm":0},{"ddd":0,"ind":10,"ty":4,"nm":"dot1","parent":8,"sr":1,"ks":{"o":{"a":1,"k":[{"i":{"x":[0.833],"y":[0.833]},"o":{"x":[0.167],"y":[0.167]},"t":44,"s":[1]},{"i":{"x":[0.833],"y":[0.833]},"o":{"x":[0.167],"y":[0.167]},"t":58,"s":[100]},{"i":{"x":[0.833],"y":[0.833]},"o":{"x":[0.167],"y":[0.167]},"t":887,"s":[100]},{"t":899.000036617021,"s":[0]}],"ix":11},"r":{"a":0,"k":0,"ix":10},"p":{"a":0,"k":[-247.185,-18.469,0],"ix":2},"a":{"a":0,"k":[382,-16,0],"ix":1},"s":{"a":0,"k":[81,81,100],"ix":6}},"ao":0,"shapes":[{"ty":"gr","it":[{"d":1,"ty":"el","s":{"a":0,"k":[39.586,39.586],"ix":2},"p":{"a":0,"k":[0,0],"ix":3},"nm":"Ellipse Path 1","mn":"ADBE Vector Shape - Ellipse","hd":false},{"ty":"fl","c":{"a":0,"k":[0,0,0,1],"ix":4},"o":{"a":0,"k":100,"ix":5},"r":1,"bm":0,"nm":"Fill 1","mn":"ADBE Vector Graphic - Fill","hd":false},{"ty":"tr","p":{"a":0,"k":[382.207,-18.207],"ix":2},"a":{"a":0,"k":[0,0],"ix":1},"s":{"a":0,"k":[100,100],"ix":3},"r":{"a":0,"k":0,"ix":6},"o":{"a":0,"k":100,"ix":7},"sk":{"a":0,"k":0,"ix":4},"sa":{"a":0,"k":0,"ix":5},"nm":"Transform"}],"nm":"Ellipse 1","np":3,"cix":2,"bm":0,"ix":1,"mn":"ADBE Vector Group","hd":false}],"ip":42.0000017106951,"op":975.000039712564,"st":-48.0000019550801,"bm":0},{"ddd":0,"ind":11,"ty":4,"nm":"dot3","parent":8,"sr":1,"ks":{"o":{"a":1,"k":[{"i":{"x":[0.833],"y":[0.833]},"o":{"x":[0.167],"y":[0.167]},"t":28,"s":[0]},{"i":{"x":[0.833],"y":[0.833]},"o":{"x":[0.167],"y":[0.167]},"t":42,"s":[100]},{"i":{"x":[0.833],"y":[0.833]},"o":{"x":[0.167],"y":[0.167]},"t":888,"s":[100]},{"t":898.00003657629,"s":[0]}],"ix":11},"r":{"a":0,"k":0,"ix":10},"p":{"a":0,"k":[126,-14,0],"ix":2},"a":{"a":0,"k":[382,-16,0],"ix":1},"s":{"a":0,"k":[81,81,100],"ix":6}},"ao":0,"shapes":[{"ty":"gr","it":[{"d":1,"ty":"el","s":{"a":0,"k":[39.586,39.586],"ix":2},"p":{"a":0,"k":[0,0],"ix":3},"nm":"Ellipse Path 1","mn":"ADBE Vector Shape - Ellipse","hd":false},{"ty":"fl","c":{"a":0,"k":[0,0,0,1],"ix":4},"o":{"a":0,"k":100,"ix":5},"r":1,"bm":0,"nm":"Fill 1","mn":"ADBE Vector Graphic - Fill","hd":false},{"ty":"tr","p":{"a":0,"k":[382.207,-18.207],"ix":2},"a":{"a":0,"k":[0,0],"ix":1},"s":{"a":0,"k":[100,100],"ix":3},"r":{"a":0,"k":0,"ix":6},"o":{"a":0,"k":100,"ix":7},"sk":{"a":0,"k":0,"ix":4},"sa":{"a":0,"k":0,"ix":5},"nm":"Transform"}],"nm":"Ellipse 1","np":3,"cix":2,"bm":0,"ix":1,"mn":"ADBE Vector Group","hd":false}],"ip":28.0000011404634,"op":901.000036698482,"st":-180.00000733155,"bm":0},{"ddd":0,"ind":12,"ty":4,"nm":"Concave mirror Outlines","parent":8,"sr":1,"ks":{"o":{"a":1,"k":[{"i":{"x":[0.833],"y":[0.833]},"o":{"x":[0.167],"y":[0.167]},"t":44,"s":[1]},{"i":{"x":[0.833],"y":[0.833]},"o":{"x":[0.167],"y":[0.167]},"t":58,"s":[100]},{"i":{"x":[0.833],"y":[0.833]},"o":{"x":[0.167],"y":[0.167]},"t":889,"s":[100]},{"t":900.000036657751,"s":[0]}],"ix":11},"r":{"a":0,"k":0,"ix":10},"p":{"a":0,"k":[368,364,0],"ix":2},"a":{"a":0,"k":[0,0,0],"ix":1},"s":{"a":0,"k":[100,100,100],"ix":6}},"ao":0,"shapes":[{"ty":"gr","it":[{"ind":0,"ty":"sh","ix":1,"ks":{"a":0,"k":{"i":[[1.162,-1.087],[1.613,0],[1.367,1.71],[0,4.029],[-1.388,1.696],[-2.229,0],[-1.128,-0.956],[-0.356,-1.652],[0,0],[1.367,1.362],[3.678,0],[2.584,-2.935],[0,-5.304],[-2.571,-2.891],[-3.992,0],[-2.099,1.688],[-0.902,3.478],[0,0]],"o":[[-1.162,1.087],[-2.188,0],[-1.367,-1.71],[0,-3.797],[1.387,-1.696],[1.613,0],[1.128,0.956],[0,0],[-0.684,-2.551],[-2.297,-2.304],[-4.211,0],[-2.584,2.935],[0,5.014],[2.57,2.891],[3.226,0],[2.099,-1.688],[0,0],[-0.506,2.333]],"v":[[-132.434,-4.587],[-136.597,-2.956],[-141.929,-5.521],[-143.979,-14.13],[-141.898,-22.369],[-136.474,-24.912],[-132.362,-23.477],[-130.137,-19.564],[-124.128,-21.086],[-127.204,-26.955],[-136.166,-30.412],[-146.358,-26.01],[-150.234,-13.652],[-146.379,-1.793],[-136.535,2.543],[-128.547,0.011],[-124.046,-7.739],[-129.932,-9.717]],"c":true},"ix":2},"nm":"C","mn":"ADBE Vector Shape - Group","hd":false},{"ty":"st","c":{"a":0,"k":[1,1,1,1],"ix":3},"o":{"a":0,"k":100,"ix":4},"w":{"a":0,"k":0.01,"ix":5},"lc":1,"lj":1,"ml":4,"bm":0,"nm":"Stroke 1","mn":"ADBE Vector Graphic - Stroke","hd":false},{"ty":"fl","c":{"a":0,"k":[0,0,0,1],"ix":4},"o":{"a":0,"k":100,"ix":5},"r":1,"bm":0,"nm":"Fill 1","mn":"ADBE Vector Graphic - Fill","hd":false},{"ty":"tr","p":{"a":0,"k":[0,0],"ix":2},"a":{"a":0,"k":[0,0],"ix":1},"s":{"a":0,"k":[100,100],"ix":3},"r":{"a":0,"k":0,"ix":6},"o":{"a":0,"k":100,"ix":7},"sk":{"a":0,"k":0,"ix":4},"sa":{"a":0,"k":0,"ix":5},"nm":"Transform"}],"nm":"C","np":3,"cix":2,"bm":0,"ix":1,"mn":"ADBE Vector Group","hd":false},{"ty":"gr","it":[{"ind":0,"ty":"sh","ix":1,"ks":{"a":0,"k":{"i":[[-0.943,-1.848],[-1.812,-0.956],[-1.996,0],[-2.126,2.297],[0,3.493],[2.105,2.268],[3.295,0],[1.729,-1],[0.943,-1.898],[0,-2.029]],"o":[[0.943,1.848],[1.811,0.956],[3.226,0],[2.126,-2.297],[0,-3.464],[-2.106,-2.268],[-2.133,0],[-1.73,1],[-0.943,1.899],[0,2.652]],"v":[[-118.796,-3.119],[-114.664,1.087],[-108.952,2.522],[-100.923,-0.924],[-97.734,-9.608],[-100.893,-18.206],[-108.993,-21.608],[-114.787,-20.108],[-118.796,-15.76],[-120.211,-9.869]],"c":true},"ix":2},"nm":"o","mn":"ADBE Vector Shape - Group","hd":false},{"ind":1,"ty":"sh","ix":2,"ks":{"a":0,"k":{"i":[[-1.025,1.217],[-1.504,0],[-1.019,-1.217],[0,-2.261],[1.018,-1.217],[1.504,0],[1.025,1.217],[0,2.29]],"o":[[1.025,-1.217],[1.504,0],[1.018,1.217],[0,2.319],[-1.019,1.217],[-1.504,0],[-1.025,-1.217],[0,-2.29]],"v":[[-112.767,-14.804],[-108.973,-16.63],[-105.189,-14.804],[-103.661,-9.587],[-105.189,-4.282],[-108.973,-2.456],[-112.767,-4.282],[-114.305,-9.543]],"c":true},"ix":2},"nm":"o","mn":"ADBE Vector Shape - Group","hd":false},{"ty":"mm","mm":1,"nm":"Merge Paths 1","mn":"ADBE Vector Filter - Merge","hd":false},{"ty":"st","c":{"a":0,"k":[1,1,1,1],"ix":3},"o":{"a":0,"k":100,"ix":4},"w":{"a":0,"k":0.01,"ix":5},"lc":1,"lj":1,"ml":4,"bm":0,"nm":"Stroke 1","mn":"ADBE Vector Graphic - Stroke","hd":false},{"ty":"fl","c":{"a":0,"k":[0,0,0,1],"ix":4},"o":{"a":0,"k":100,"ix":5},"r":1,"bm":0,"nm":"Fill 1","mn":"ADBE Vector Graphic - Fill","hd":false},{"ty":"tr","p":{"a":0,"k":[0,0],"ix":2},"a":{"a":0,"k":[0,0],"ix":1},"s":{"a":0,"k":[100,100],"ix":3},"r":{"a":0,"k":0,"ix":6},"o":{"a":0,"k":100,"ix":7},"sk":{"a":0,"k":0,"ix":4},"sa":{"a":0,"k":0,"ix":5},"nm":"Transform"}],"nm":"o","np":5,"cix":2,"bm":0,"ix":2,"mn":"ADBE Vector Group","hd":false},{"ty":"gr","it":[{"ind":0,"ty":"sh","ix":1,"ks":{"a":0,"k":{"i":[[0,0],[0.212,0.956],[0.54,0.754],[1.053,0.486],[1.271,0],[1.9,-2.609],[0,0],[0,0],[0,0],[0,0],[0,0],[-0.294,0.956],[-0.793,0.58],[-0.998,0],[-0.554,-0.406],[-0.246,-0.732],[0,-2.492],[0,0],[0,0]],"o":[[0,-1.783],[-0.212,-0.956],[-0.54,-0.753],[-1.053,-0.485],[-2.885,0],[0,0],[0,0],[0,0],[0,0],[0,0],[0,-2.579],[0.294,-0.956],[0.793,-0.579],[0.779,0],[0.554,0.406],[0.246,0.732],[0,0],[0,0],[0,0]],"v":[[-73.412,-12.347],[-73.73,-16.456],[-74.858,-19.021],[-77.247,-20.88],[-80.733,-21.608],[-87.911,-17.695],[-87.911,-21.086],[-93.264,-21.086],[-93.264,2],[-87.501,2],[-87.501,-8.456],[-87.06,-13.76],[-85.43,-16.065],[-82.743,-16.934],[-80.744,-16.325],[-79.544,-14.619],[-79.175,-9.782],[-79.175,2],[-73.412,2]],"c":true},"ix":2},"nm":"n","mn":"ADBE Vector Shape - Group","hd":false},{"ty":"st","c":{"a":0,"k":[1,1,1,1],"ix":3},"o":{"a":0,"k":100,"ix":4},"w":{"a":0,"k":0.01,"ix":5},"lc":1,"lj":1,"ml":4,"bm":0,"nm":"Stroke 1","mn":"ADBE Vector Graphic - Stroke","hd":false},{"ty":"fl","c":{"a":0,"k":[0,0,0,1],"ix":4},"o":{"a":0,"k":100,"ix":5},"r":1,"bm":0,"nm":"Fill 1","mn":"ADBE Vector Graphic - Fill","hd":false},{"ty":"tr","p":{"a":0,"k":[0,0],"ix":2},"a":{"a":0,"k":[0,0],"ix":1},"s":{"a":0,"k":[100,100],"ix":3},"r":{"a":0,"k":0,"ix":6},"o":{"a":0,"k":100,"ix":7},"sk":{"a":0,"k":0,"ix":4},"sa":{"a":0,"k":0,"ix":5},"nm":"Transform"}],"nm":"n","np":3,"cix":2,"bm":0,"ix":3,"mn":"ADBE Vector Group","hd":false},{"ty":"gr","it":[{"ind":0,"ty":"sh","ix":1,"ks":{"a":0,"k":{"i":[[1.565,1.21],[2.652,0],[1.9,-2.123],[0,-3.811],[-1.894,-2.13],[-3.186,0],[-1.668,1.406],[-0.588,2.754],[0,0],[0.697,-0.659],[1.094,0],[0.868,1.13],[0,2.739],[-0.855,1.051],[-1.436,0],[-0.677,-0.609],[-0.192,-1.203],[0,0]],"o":[[-1.566,-1.21],[-3.24,0],[-1.9,2.123],[0,3.768],[1.893,2.13],[2.803,0],[1.668,-1.406],[0,0],[-0.287,1.609],[-0.697,0.66],[-1.463,0],[-0.868,-1.13],[0,-2.464],[0.854,-1.051],[1.08,0],[0.677,0.609],[0,0],[-0.684,-2.478]],"v":[[-51.951,-19.793],[-58.277,-21.608],[-65.988,-18.423],[-68.839,-9.521],[-65.999,-0.674],[-58.38,2.522],[-51.674,0.413],[-48.29,-5.826],[-53.95,-6.847],[-55.427,-3.445],[-58.113,-2.456],[-61.61,-4.152],[-62.912,-9.956],[-61.63,-15.228],[-58.195,-16.804],[-55.56,-15.891],[-54.258,-13.173],[-48.577,-14.26]],"c":true},"ix":2},"nm":"c","mn":"ADBE Vector Shape - Group","hd":false},{"ty":"st","c":{"a":0,"k":[1,1,1,1],"ix":3},"o":{"a":0,"k":100,"ix":4},"w":{"a":0,"k":0.01,"ix":5},"lc":1,"lj":1,"ml":4,"bm":0,"nm":"Stroke 1","mn":"ADBE Vector Graphic - Stroke","hd":false},{"ty":"fl","c":{"a":0,"k":[0,0,0,1],"ix":4},"o":{"a":0,"k":100,"ix":5},"r":1,"bm":0,"nm":"Fill 1","mn":"ADBE Vector Graphic - Fill","hd":false},{"ty":"tr","p":{"a":0,"k":[0,0],"ix":2},"a":{"a":0,"k":[0,0],"ix":1},"s":{"a":0,"k":[100,100],"ix":3},"r":{"a":0,"k":0,"ix":6},"o":{"a":0,"k":100,"ix":7},"sk":{"a":0,"k":0,"ix":4},"sa":{"a":0,"k":0,"ix":5},"nm":"Transform"}],"nm":"c","np":3,"cix":2,"bm":0,"ix":4,"mn":"ADBE Vector Group","hd":false},{"ty":"gr","it":[{"ind":0,"ty":"sh","ix":1,"ks":{"a":0,"k":{"i":[[-0.574,0.428],[-1.025,0],[-0.547,-0.5],[0,-1.174],[0,0],[2.693,-0.536],[1.059,-0.543],[0.588,-1.022],[0,-1.304],[-1.292,-1.29],[-2.242,0],[-1.121,0.507],[-0.984,1.015],[-0.096,-0.362],[-0.151,-0.406],[0,0],[0.185,0.964],[0,2.029],[0,0],[0.513,0.993],[1.258,0.645],[2.57,0],[1.436,-1.072],[0.588,-2.232],[0,0]],"o":[[0.574,-0.427],[1.518,0],[0.547,0.5],[0,0],[-1.039,0.464],[-1.996,0.406],[-1.06,0.543],[-0.588,1.022],[0,1.971],[1.292,1.29],[1.271,0],[1.121,-0.507],[0.041,0.116],[0.219,0.797],[0,0],[-0.506,-1.101],[-0.185,-0.964],[0,0],[0,-2.652],[-0.513,-0.992],[-1.258,-0.645],[-2.83,0],[-1.436,1.073],[0,0],[0.355,-1.072]],"v":[[-38.508,-16.293],[-36.108,-16.934],[-33.012,-16.184],[-32.191,-13.673],[-32.191,-13.065],[-37.79,-11.565],[-42.374,-10.141],[-44.845,-7.793],[-45.727,-4.304],[-43.789,0.587],[-38.487,2.522],[-34.898,1.761],[-31.74,-0.522],[-31.535,0.196],[-30.981,2],[-25.28,2],[-26.316,-1.098],[-26.593,-5.587],[-26.531,-12.717],[-27.3,-18.184],[-29.956,-20.64],[-35.698,-21.608],[-42.097,-19.999],[-45.132,-15.043],[-39.902,-14.043]],"c":true},"ix":2},"nm":"a","mn":"ADBE Vector Shape - Group","hd":false},{"ind":1,"ty":"sh","ix":2,"ks":{"a":0,"k":{"i":[[0,0],[0.15,-0.522],[0.697,-0.551],[1.039,0],[0.601,0.623],[0,0.855],[-0.752,0.565],[-1.6,0.362],[-0.738,0.261]],"o":[[0,1.464],[-0.219,0.797],[-0.943,0.725],[-0.93,0],[-0.602,-0.623],[0,-0.87],[0.492,-0.348],[1.6,-0.362],[0,0]],"v":[[-32.191,-7.869],[-32.417,-4.891],[-33.791,-2.869],[-36.765,-1.782],[-39.062,-2.717],[-39.964,-4.935],[-38.836,-7.087],[-35.698,-8.152],[-32.191,-9.087]],"c":true},"ix":2},"nm":"a","mn":"ADBE Vector Shape - Group","hd":false},{"ty":"mm","mm":1,"nm":"Merge Paths 1","mn":"ADBE Vector Filter - Merge","hd":false},{"ty":"st","c":{"a":0,"k":[1,1,1,1],"ix":3},"o":{"a":0,"k":100,"ix":4},"w":{"a":0,"k":0.01,"ix":5},"lc":1,"lj":1,"ml":4,"bm":0,"nm":"Stroke 1","mn":"ADBE Vector Graphic - Stroke","hd":false},{"ty":"fl","c":{"a":0,"k":[0,0,0,1],"ix":4},"o":{"a":0,"k":100,"ix":5},"r":1,"bm":0,"nm":"Fill 1","mn":"ADBE Vector Graphic - Fill","hd":false},{"ty":"tr","p":{"a":0,"k":[0,0],"ix":2},"a":{"a":0,"k":[0,0],"ix":1},"s":{"a":0,"k":[100,100],"ix":3},"r":{"a":0,"k":0,"ix":6},"o":{"a":0,"k":100,"ix":7},"sk":{"a":0,"k":0,"ix":4},"sa":{"a":0,"k":0,"ix":5},"nm":"Transform"}],"nm":"a","np":5,"cix":2,"bm":0,"ix":5,"mn":"ADBE Vector Group","hd":false},{"ty":"gr","it":[{"ind":0,"ty":"sh","ix":1,"ks":{"a":0,"k":{"i":[[0,0],[0,0],[0,0],[0,0],[0.191,-0.652],[0.314,-1],[0,0],[0,0],[0,0],[0,0]],"o":[[0,0],[0,0],[0,0],[-0.219,0.652],[-0.082,0.319],[0,0],[0,0],[0,0],[0,0],[0,0]],"v":[[-9.674,2],[-1.02,-21.086],[-6.946,-21.086],[-11.089,-9.304],[-11.704,-7.347],[-12.299,-5.369],[-13.488,-9.304],[-17.59,-21.086],[-23.64,-21.086],[-14.862,2]],"c":true},"ix":2},"nm":"v","mn":"ADBE Vector Shape - Group","hd":false},{"ty":"st","c":{"a":0,"k":[1,1,1,1],"ix":3},"o":{"a":0,"k":100,"ix":4},"w":{"a":0,"k":0.01,"ix":5},"lc":1,"lj":1,"ml":4,"bm":0,"nm":"Stroke 1","mn":"ADBE Vector Graphic - Stroke","hd":false},{"ty":"fl","c":{"a":0,"k":[0,0,0,1],"ix":4},"o":{"a":0,"k":100,"ix":5},"r":1,"bm":0,"nm":"Fill 1","mn":"ADBE Vector Graphic - Fill","hd":false},{"ty":"tr","p":{"a":0,"k":[0,0],"ix":2},"a":{"a":0,"k":[0,0],"ix":1},"s":{"a":0,"k":[100,100],"ix":3},"r":{"a":0,"k":0,"ix":6},"o":{"a":0,"k":100,"ix":7},"sk":{"a":0,"k":0,"ix":4},"sa":{"a":0,"k":0,"ix":5},"nm":"Transform"}],"nm":"v","np":3,"cix":2,"bm":0,"ix":6,"mn":"ADBE Vector Group","hd":false},{"ty":"gr","it":[{"ind":0,"ty":"sh","ix":1,"ks":{"a":0,"k":{"i":[[0.615,-0.522],[0.902,0],[0.889,1.007],[0.041,1.812],[0,0],[1.873,2.268],[3.24,0],[1.887,-2.166],[0,-3.826],[-1.436,-2.101],[-3.787,0],[-1.593,1.167],[-0.738,2.232],[0,0]],"o":[[-0.615,0.522],[-1.326,0],[-0.889,-1.007],[0,0],[0.082,-4.681],[-1.873,-2.268],[-2.885,0],[-1.887,2.167],[0,3.203],[1.818,2.623],[2.392,0],[1.593,-1.166],[0,0],[-0.315,1.16]],"v":[[13.726,-2.826],[11.449,-2.043],[8.127,-3.554],[6.732,-7.782],[21.17,-7.782],[18.483,-18.206],[10.813,-21.608],[3.656,-18.358],[0.826,-9.369],[2.979,-1.413],[11.388,2.522],[17.366,0.772],[20.862,-4.326],[15.12,-5.348]],"c":true},"ix":2},"nm":"e","mn":"ADBE Vector Shape - Group","hd":false},{"ind":1,"ty":"sh","ix":2,"ks":{"a":0,"k":{"i":[[0,0],[-0.82,0.971],[-1.258,0],[-0.82,-0.92],[-0.041,-1.768]],"o":[[-0.014,-1.666],[0.82,-0.971],[1.176,0],[0.82,0.92],[0,0]],"v":[[6.835,-11.521],[8.045,-15.478],[11.162,-16.934],[14.156,-15.554],[15.448,-11.521]],"c":true},"ix":2},"nm":"e","mn":"ADBE Vector Shape - Group","hd":false},{"ty":"mm","mm":1,"nm":"Merge Paths 1","mn":"ADBE Vector Filter - Merge","hd":false},{"ty":"st","c":{"a":0,"k":[1,1,1,1],"ix":3},"o":{"a":0,"k":100,"ix":4},"w":{"a":0,"k":0.01,"ix":5},"lc":1,"lj":1,"ml":4,"bm":0,"nm":"Stroke 1","mn":"ADBE Vector Graphic - Stroke","hd":false},{"ty":"fl","c":{"a":0,"k":[0,0,0,1],"ix":4},"o":{"a":0,"k":100,"ix":5},"r":1,"bm":0,"nm":"Fill 1","mn":"ADBE Vector Graphic - Fill","hd":false},{"ty":"tr","p":{"a":0,"k":[0,0],"ix":2},"a":{"a":0,"k":[0,0],"ix":1},"s":{"a":0,"k":[100,100],"ix":3},"r":{"a":0,"k":0,"ix":6},"o":{"a":0,"k":100,"ix":7},"sk":{"a":0,"k":0,"ix":4},"sa":{"a":0,"k":0,"ix":5},"nm":"Transform"}],"nm":"e","np":5,"cix":2,"bm":0,"ix":7,"mn":"ADBE Vector Group","hd":false},{"ty":"gr","it":[{"ind":0,"ty":"sh","ix":1,"ks":{"a":0,"k":{"i":[[0,0],[0,0],[0,0],[-0.308,0.956],[-0.711,0.507],[-0.889,0],[-0.431,-0.319],[-0.205,-0.652],[0,-2.246],[0,0],[0,0],[0,0],[-0.315,1.007],[-0.711,0.522],[-0.807,0],[-0.533,-0.87],[0,-2.29],[0,0],[0,0],[0,0],[0.396,0.986],[1.107,0.688],[1.6,0],[1.107,-0.609],[0.957,-1.232],[1.025,0.609],[1.395,0],[1.9,-2.449],[0,0],[0,0]],"o":[[0,0],[0,0],[0,-2.217],[0.308,-0.956],[0.711,-0.507],[0.738,0],[0.431,0.319],[0.205,0.652],[0,0],[0,0],[0,0],[0,-2.174],[0.314,-1.007],[0.711,-0.522],[1.107,0],[0.396,0.667],[0,0],[0,0],[0,0],[0,-2.203],[-0.547,-1.333],[-1.107,-0.688],[-1.258,0],[-1.107,0.609],[-0.656,-1.232],[-1.025,-0.609],[-2.625,0],[0,0],[0,0],[0,0]],"v":[[37.104,2],[42.867,2],[42.867,-9.217],[43.329,-13.978],[44.856,-16.173],[47.256,-16.934],[49.009,-16.456],[49.963,-14.999],[50.271,-10.652],[50.271,2],[56.033,2],[56.033,-9.087],[56.505,-13.858],[58.043,-16.151],[60.319,-16.934],[62.78,-15.63],[63.375,-11.195],[63.375,2],[69.138,2],[69.138,-12.76],[68.543,-17.543],[66.062,-20.575],[62.001,-21.608],[58.453,-20.695],[55.356,-17.934],[52.834,-20.695],[49.204,-21.608],[42.416,-17.934],[42.416,-21.086],[37.104,-21.086]],"c":true},"ix":2},"nm":"m","mn":"ADBE Vector Shape - Group","hd":false},{"ty":"st","c":{"a":0,"k":[1,1,1,1],"ix":3},"o":{"a":0,"k":100,"ix":4},"w":{"a":0,"k":0.01,"ix":5},"lc":1,"lj":1,"ml":4,"bm":0,"nm":"Stroke 1","mn":"ADBE Vector Graphic - Stroke","hd":false},{"ty":"fl","c":{"a":0,"k":[0,0,0,1],"ix":4},"o":{"a":0,"k":100,"ix":5},"r":1,"bm":0,"nm":"Fill 1","mn":"ADBE Vector Graphic - Fill","hd":false},{"ty":"tr","p":{"a":0,"k":[0,0],"ix":2},"a":{"a":0,"k":[0,0],"ix":1},"s":{"a":0,"k":[100,100],"ix":3},"r":{"a":0,"k":0,"ix":6},"o":{"a":0,"k":100,"ix":7},"sk":{"a":0,"k":0,"ix":4},"sa":{"a":0,"k":0,"ix":5},"nm":"Transform"}],"nm":"m","np":3,"cix":2,"bm":0,"ix":8,"mn":"ADBE Vector Group","hd":false},{"ty":"gr","it":[{"ind":0,"ty":"sh","ix":1,"ks":{"a":0,"k":{"i":[[0,0],[0,0],[0,0],[0,0]],"o":[[0,0],[0,0],[0,0],[0,0]],"v":[[80.643,-24.216],[80.643,-29.868],[74.88,-29.868],[74.88,-24.216]],"c":true},"ix":2},"nm":"i","mn":"ADBE Vector Shape - Group","hd":false},{"ind":1,"ty":"sh","ix":2,"ks":{"a":0,"k":{"i":[[0,0],[0,0],[0,0],[0,0]],"o":[[0,0],[0,0],[0,0],[0,0]],"v":[[80.643,2],[80.643,-21.086],[74.88,-21.086],[74.88,2]],"c":true},"ix":2},"nm":"i","mn":"ADBE Vector Shape - Group","hd":false},{"ty":"mm","mm":1,"nm":"Merge Paths 1","mn":"ADBE Vector Filter - Merge","hd":false},{"ty":"st","c":{"a":0,"k":[1,1,1,1],"ix":3},"o":{"a":0,"k":100,"ix":4},"w":{"a":0,"k":0.01,"ix":5},"lc":1,"lj":1,"ml":4,"bm":0,"nm":"Stroke 1","mn":"ADBE Vector Graphic - Stroke","hd":false},{"ty":"fl","c":{"a":0,"k":[0,0,0,1],"ix":4},"o":{"a":0,"k":100,"ix":5},"r":1,"bm":0,"nm":"Fill 1","mn":"ADBE Vector Graphic - Fill","hd":false},{"ty":"tr","p":{"a":0,"k":[0,0],"ix":2},"a":{"a":0,"k":[0,0],"ix":1},"s":{"a":0,"k":[100,100],"ix":3},"r":{"a":0,"k":0,"ix":6},"o":{"a":0,"k":100,"ix":7},"sk":{"a":0,"k":0,"ix":4},"sa":{"a":0,"k":0,"ix":5},"nm":"Transform"}],"nm":"i","np":5,"cix":2,"bm":0,"ix":9,"mn":"ADBE Vector Group","hd":false},{"ty":"gr","it":[{"ind":0,"ty":"sh","ix":1,"ks":{"a":0,"k":{"i":[[0,0],[-0.321,1.232],[-0.561,0.471],[-0.807,0],[-0.971,-0.666],[0,0],[1.312,0],[0.731,-0.493],[0.916,-1.551],[0,0],[0,0],[0,0],[0,0]],"o":[[0,-3.927],[0.321,-1.232],[0.56,-0.471],[0.834,0],[0,0],[-1.217,-0.768],[-0.93,0],[-0.732,0.493],[0,0],[0,0],[0,0],[0,0],[0,0]],"v":[[92.065,-5.13],[92.547,-12.869],[93.87,-15.423],[95.921,-16.13],[98.628,-15.13],[100.412,-20.456],[96.618,-21.608],[94.126,-20.869],[91.655,-17.804],[91.655,-21.086],[86.303,-21.086],[86.303,2],[92.065,2]],"c":true},"ix":2},"nm":"r","mn":"ADBE Vector Shape - Group","hd":false},{"ty":"st","c":{"a":0,"k":[1,1,1,1],"ix":3},"o":{"a":0,"k":100,"ix":4},"w":{"a":0,"k":0.01,"ix":5},"lc":1,"lj":1,"ml":4,"bm":0,"nm":"Stroke 1","mn":"ADBE Vector Graphic - Stroke","hd":false},{"ty":"fl","c":{"a":0,"k":[0,0,0,1],"ix":4},"o":{"a":0,"k":100,"ix":5},"r":1,"bm":0,"nm":"Fill 1","mn":"ADBE Vector Graphic - Fill","hd":false},{"ty":"tr","p":{"a":0,"k":[0,0],"ix":2},"a":{"a":0,"k":[0,0],"ix":1},"s":{"a":0,"k":[100,100],"ix":3},"r":{"a":0,"k":0,"ix":6},"o":{"a":0,"k":100,"ix":7},"sk":{"a":0,"k":0,"ix":4},"sa":{"a":0,"k":0,"ix":5},"nm":"Transform"}],"nm":"r","np":3,"cix":2,"bm":0,"ix":10,"mn":"ADBE Vector Group","hd":false},{"ty":"gr","it":[{"ind":0,"ty":"sh","ix":1,"ks":{"a":0,"k":{"i":[[0,0],[-0.321,1.232],[-0.561,0.471],[-0.807,0],[-0.971,-0.666],[0,0],[1.312,0],[0.731,-0.493],[0.916,-1.551],[0,0],[0,0],[0,0],[0,0]],"o":[[0,-3.927],[0.321,-1.232],[0.56,-0.471],[0.834,0],[0,0],[-1.217,-0.768],[-0.93,0],[-0.732,0.493],[0,0],[0,0],[0,0],[0,0],[0,0]],"v":[[108.41,-5.13],[108.892,-12.869],[110.215,-15.423],[112.266,-16.13],[114.973,-15.13],[116.757,-20.456],[112.963,-21.608],[110.471,-20.869],[108,-17.804],[108,-21.086],[102.647,-21.086],[102.647,2],[108.41,2]],"c":true},"ix":2},"nm":"r","mn":"ADBE Vector Shape - Group","hd":false},{"ty":"st","c":{"a":0,"k":[1,1,1,1],"ix":3},"o":{"a":0,"k":100,"ix":4},"w":{"a":0,"k":0.01,"ix":5},"lc":1,"lj":1,"ml":4,"bm":0,"nm":"Stroke 1","mn":"ADBE Vector Graphic - Stroke","hd":false},{"ty":"fl","c":{"a":0,"k":[0,0,0,1],"ix":4},"o":{"a":0,"k":100,"ix":5},"r":1,"bm":0,"nm":"Fill 1","mn":"ADBE Vector Graphic - Fill","hd":false},{"ty":"tr","p":{"a":0,"k":[0,0],"ix":2},"a":{"a":0,"k":[0,0],"ix":1},"s":{"a":0,"k":[100,100],"ix":3},"r":{"a":0,"k":0,"ix":6},"o":{"a":0,"k":100,"ix":7},"sk":{"a":0,"k":0,"ix":4},"sa":{"a":0,"k":0,"ix":5},"nm":"Transform"}],"nm":"r","np":3,"cix":2,"bm":0,"ix":11,"mn":"ADBE Vector Group","hd":false},{"ty":"gr","it":[{"ind":0,"ty":"sh","ix":1,"ks":{"a":0,"k":{"i":[[-0.943,-1.848],[-1.812,-0.956],[-1.996,0],[-2.126,2.297],[0,3.493],[2.105,2.268],[3.295,0],[1.729,-1],[0.943,-1.898],[0,-2.029]],"o":[[0.943,1.848],[1.811,0.956],[3.226,0],[2.126,-2.297],[0,-3.464],[-2.106,-2.268],[-2.133,0],[-1.73,1],[-0.943,1.899],[0,2.652]],"v":[[119.32,-3.119],[123.453,1.087],[129.164,2.522],[137.193,-0.924],[140.382,-9.608],[137.224,-18.206],[129.123,-21.608],[123.33,-20.108],[119.32,-15.76],[117.905,-9.869]],"c":true},"ix":2},"nm":"o","mn":"ADBE Vector Shape - Group","hd":false},{"ind":1,"ty":"sh","ix":2,"ks":{"a":0,"k":{"i":[[-1.025,1.217],[-1.504,0],[-1.019,-1.217],[0,-2.261],[1.018,-1.217],[1.504,0],[1.025,1.217],[0,2.29]],"o":[[1.025,-1.217],[1.504,0],[1.018,1.217],[0,2.319],[-1.019,1.217],[-1.504,0],[-1.025,-1.217],[0,-2.29]],"v":[[125.35,-14.804],[129.144,-16.63],[132.927,-14.804],[134.455,-9.587],[132.927,-4.282],[129.144,-2.456],[125.35,-4.282],[123.812,-9.543]],"c":true},"ix":2},"nm":"o","mn":"ADBE Vector Shape - Group","hd":false},{"ty":"mm","mm":1,"nm":"Merge Paths 1","mn":"ADBE Vector Filter - Merge","hd":false},{"ty":"st","c":{"a":0,"k":[1,1,1,1],"ix":3},"o":{"a":0,"k":100,"ix":4},"w":{"a":0,"k":0.01,"ix":5},"lc":1,"lj":1,"ml":4,"bm":0,"nm":"Stroke 1","mn":"ADBE Vector Graphic - Stroke","hd":false},{"ty":"fl","c":{"a":0,"k":[0,0,0,1],"ix":4},"o":{"a":0,"k":100,"ix":5},"r":1,"bm":0,"nm":"Fill 1","mn":"ADBE Vector Graphic - Fill","hd":false},{"ty":"tr","p":{"a":0,"k":[0,0],"ix":2},"a":{"a":0,"k":[0,0],"ix":1},"s":{"a":0,"k":[100,100],"ix":3},"r":{"a":0,"k":0,"ix":6},"o":{"a":0,"k":100,"ix":7},"sk":{"a":0,"k":0,"ix":4},"sa":{"a":0,"k":0,"ix":5},"nm":"Transform"}],"nm":"o","np":5,"cix":2,"bm":0,"ix":12,"mn":"ADBE Vector Group","hd":false},{"ty":"gr","it":[{"ind":0,"ty":"sh","ix":1,"ks":{"a":0,"k":{"i":[[0,0],[-0.321,1.232],[-0.561,0.471],[-0.807,0],[-0.971,-0.666],[0,0],[1.312,0],[0.731,-0.493],[0.916,-1.551],[0,0],[0,0],[0,0],[0,0]],"o":[[0,-3.927],[0.321,-1.232],[0.56,-0.471],[0.834,0],[0,0],[-1.217,-0.768],[-0.93,0],[-0.732,0.493],[0,0],[0,0],[0,0],[0,0],[0,0]],"v":[[150.41,-5.13],[150.892,-12.869],[152.215,-15.423],[154.266,-16.13],[156.973,-15.13],[158.757,-20.456],[154.963,-21.608],[152.471,-20.869],[150,-17.804],[150,-21.086],[144.647,-21.086],[144.647,2],[150.41,2]],"c":true},"ix":2},"nm":"r","mn":"ADBE Vector Shape - Group","hd":false},{"ty":"st","c":{"a":0,"k":[1,1,1,1],"ix":3},"o":{"a":0,"k":100,"ix":4},"w":{"a":0,"k":0.01,"ix":5},"lc":1,"lj":1,"ml":4,"bm":0,"nm":"Stroke 1","mn":"ADBE Vector Graphic - Stroke","hd":false},{"ty":"fl","c":{"a":0,"k":[0,0,0,1],"ix":4},"o":{"a":0,"k":100,"ix":5},"r":1,"bm":0,"nm":"Fill 1","mn":"ADBE Vector Graphic - Fill","hd":false},{"ty":"tr","p":{"a":0,"k":[0,0],"ix":2},"a":{"a":0,"k":[0,0],"ix":1},"s":{"a":0,"k":[100,100],"ix":3},"r":{"a":0,"k":0,"ix":6},"o":{"a":0,"k":100,"ix":7},"sk":{"a":0,"k":0,"ix":4},"sa":{"a":0,"k":0,"ix":5},"nm":"Transform"}],"nm":"r","np":3,"cix":2,"bm":0,"ix":13,"mn":"ADBE Vector Group","hd":false}],"ip":44.0000017921567,"op":912.000037146522,"st":11.0000004480392,"bm":0},{"ddd":0,"ind":13,"ty":4,"nm":"dot2","parent":8,"sr":1,"ks":{"o":{"a":1,"k":[{"i":{"x":[0.833],"y":[0.833]},"o":{"x":[0.167],"y":[0.167]},"t":65,"s":[0]},{"i":{"x":[0.833],"y":[0.833]},"o":{"x":[0.167],"y":[0.167]},"t":80,"s":[100]},{"i":{"x":[0.833],"y":[0.833]},"o":{"x":[0.167],"y":[0.167]},"t":892,"s":[100]},{"t":901.000036698482,"s":[0]}],"ix":11},"r":{"a":0,"k":0,"ix":10},"p":{"a":0,"k":[470,-14,0],"ix":2},"a":{"a":0,"k":[382,-16,0],"ix":1},"s":{"a":0,"k":[81,81,100],"ix":6}},"ao":0,"shapes":[{"ty":"gr","it":[{"d":1,"ty":"el","s":{"a":0,"k":[39.586,39.586],"ix":2},"p":{"a":0,"k":[0,0],"ix":3},"nm":"Ellipse Path 1","mn":"ADBE Vector Shape - Ellipse","hd":false},{"ty":"fl","c":{"a":0,"k":[0,0,0,1],"ix":4},"o":{"a":0,"k":100,"ix":5},"r":1,"bm":0,"nm":"Fill 1","mn":"ADBE Vector Graphic - Fill","hd":false},{"ty":"tr","p":{"a":0,"k":[382.207,-18.207],"ix":2},"a":{"a":0,"k":[0,0],"ix":1},"s":{"a":0,"k":[100,100],"ix":3},"r":{"a":0,"k":0,"ix":6},"o":{"a":0,"k":100,"ix":7},"sk":{"a":0,"k":0,"ix":4},"sa":{"a":0,"k":0,"ix":5},"nm":"Transform"}],"nm":"Ellipse 1","np":3,"cix":2,"bm":0,"ix":1,"mn":"ADBE Vector Group","hd":false}],"ip":65.0000026475043,"op":913.000037187252,"st":-339.000013807753,"bm":0},{"ddd":0,"ind":14,"ty":4,"nm":"mirror","parent":8,"sr":1,"ks":{"o":{"a":1,"k":[{"i":{"x":[0.833],"y":[0.833]},"o":{"x":[0.167],"y":[0.167]},"t":11,"s":[1]},{"i":{"x":[0.833],"y":[0.833]},"o":{"x":[0.167],"y":[0.167]},"t":28,"s":[100]},{"i":{"x":[0.833],"y":[0.833]},"o":{"x":[0.167],"y":[0.167]},"t":891,"s":[100]},{"t":900.000036657751,"s":[0]}],"ix":11},"r":{"a":0,"k":0,"ix":10},"p":{"a":0,"k":[490,-20,0],"ix":2},"a":{"a":0,"k":[430.137,-16.438,0],"ix":1},"s":{"a":0,"k":[73,73,100],"ix":6}},"ao":0,"shapes":[{"ty":"gr","it":[{"ind":0,"ty":"sh","ix":1,"ks":{"a":0,"k":{"i":[[0,0],[-3.867,-291.981],[-2,0],[-5.614,6.363],[-8,292],[0,0]],"o":[[0,0],[4,302],[2,0],[60,-68],[8,-292],[0,0]],"v":[[262,-460],[420,-24],[258,420],[296,418],[450,-22],[298,-458]],"c":true},"ix":2},"nm":"Path 1","mn":"ADBE Vector Shape - Group","hd":false},{"ty":"st","c":{"a":0,"k":[0.188362719966,0.315920422124,0.582184436275,1],"ix":3},"o":{"a":0,"k":100,"ix":4},"w":{"a":0,"k":7,"ix":5},"lc":2,"lj":2,"bm":0,"nm":"Stroke 1","mn":"ADBE Vector Graphic - Stroke","hd":false},{"ty":"gf","o":{"a":0,"k":100,"ix":10},"r":1,"bm":0,"g":{"p":5,"k":{"a":0,"k":[0.007,0.029,0.668,0.815,0.28,0.409,0.78,0.842,0.554,0.79,0.893,0.868,0.747,0.456,0.782,0.838,0.966,0.122,0.671,0.808],"ix":9}},"s":{"a":0,"k":[248.906,597.703],"ix":5},"e":{"a":0,"k":[520.43,-488.352],"ix":6},"t":1,"nm":"Gradient Fill 1","mn":"ADBE Vector Graphic - G-Fill","hd":false},{"ty":"tr","p":{"a":0,"k":[0,0],"ix":2},"a":{"a":0,"k":[0,0],"ix":1},"s":{"a":0,"k":[100,100],"ix":3},"r":{"a":0,"k":0,"ix":6},"o":{"a":0,"k":100,"ix":7},"sk":{"a":0,"k":0,"ix":4},"sa":{"a":0,"k":0,"ix":5},"nm":"Transform"}],"nm":"Shape 1","np":3,"cix":2,"bm":0,"ix":1,"mn":"ADBE Vector Group","hd":false}],"ip":11.0000004480392,"op":901.000036698482,"st":0,"bm":0},{"ddd":0,"ind":15,"ty":4,"nm":"line","parent":8,"sr":1,"ks":{"o":{"a":1,"k":[{"i":{"x":[0.833],"y":[0.833]},"o":{"x":[0.167],"y":[0.167]},"t":0,"s":[100]},{"i":{"x":[0.833],"y":[0.833]},"o":{"x":[0.167],"y":[0.167]},"t":891,"s":[100]},{"t":900.000036657751,"s":[0]}],"ix":11},"r":{"a":0,"k":0,"ix":10},"p":{"a":0,"k":[0,0,0],"ix":2},"a":{"a":0,"k":[0,0,0],"ix":1},"s":{"a":0,"k":[100,100,100],"ix":6}},"ao":0,"shapes":[{"ty":"gr","it":[{"ind":0,"ty":"sh","ix":1,"ks":{"a":0,"k":{"i":[[0,0],[0,0]],"o":[[0,0],[0,0]],"v":[[-724.246,-22],[608,-14]],"c":false},"ix":2},"nm":"Path 1","mn":"ADBE Vector Shape - Group","hd":false},{"ty":"st","c":{"a":0,"k":[0,0,0,1],"ix":3},"o":{"a":0,"k":100,"ix":4},"w":{"a":0,"k":7,"ix":5},"lc":1,"lj":1,"ml":4,"bm":0,"nm":"Stroke 1","mn":"ADBE Vector Graphic - Stroke","hd":false},{"ty":"tr","p":{"a":0,"k":[0,0],"ix":2},"a":{"a":0,"k":[0,0],"ix":1},"s":{"a":0,"k":[100,100],"ix":3},"r":{"a":0,"k":0,"ix":6},"o":{"a":0,"k":100,"ix":7},"sk":{"a":0,"k":0,"ix":4},"sa":{"a":0,"k":0,"ix":5},"nm":"Transform"}],"nm":"Shape 1","np":3,"cix":2,"bm":0,"ix":1,"mn":"ADBE Vector Group","hd":false},{"ty":"tm","s":{"a":1,"k":[{"i":{"x":[0.833],"y":[0.833]},"o":{"x":[0.167],"y":[0.167]},"t":0,"s":[0]},{"t":23.0000009368092,"s":[100]}],"ix":1},"e":{"a":1,"k":[{"i":{"x":[0.833],"y":[0.833]},"o":{"x":[0.167],"y":[0.167]},"t":0,"s":[0]},{"t":23.0000009368092,"s":[0]}],"ix":2},"o":{"a":0,"k":0,"ix":3},"m":1,"ix":2,"nm":"Trim Paths 1","mn":"ADBE Vector Filter - Trim","hd":false}],"ip":0,"op":901.000036698482,"st":0,"bm":0},{"ddd":0,"ind":16,"ty":4,"nm":" 1/object_mirror Outlines 2","sr":1,"ks":{"o":{"a":1,"k":[{"i":{"x":[0.833],"y":[0.833]},"o":{"x":[0.167],"y":[0.167]},"t":395,"s":[0]},{"i":{"x":[0.833],"y":[0.833]},"o":{"x":[0.167],"y":[0.167]},"t":409,"s":[100]},{"i":{"x":[0.833],"y":[0.833]},"o":{"x":[0.167],"y":[0.167]},"t":890,"s":[100]},{"t":900.000036657751,"s":[0]}],"ix":11},"r":{"a":0,"k":-178.832,"ix":10},"p":{"a":0,"k":[278.82,707.74,0],"ix":2},"a":{"a":0,"k":[610,610,0],"ix":1},"s":{"a":0,"k":[55.16,55.16,100],"ix":6}},"ao":0,"shapes":[{"ty":"gr","it":[{"ind":0,"ty":"sh","ix":1,"ks":{"a":0,"k":{"i":[[-0.063,49.272],[-1.502,0],[0,0],[-0.003,-1.51],[-11.122,-45.427],[0,-32.726],[0,0],[6.427,0],[0,0],[0,6.426],[0,0],[-12.671,51.728]],"o":[[0.003,-1.51],[0,0],[1.506,0],[0.065,49.272],[12.67,51.728],[0,0],[0,6.426],[0,0],[-6.423,0],[0,0],[0,-32.726],[11.123,-45.427]],"v":[[-13.201,-158.797],[-10.473,-161.525],[10.471,-161.525],[13.199,-158.797],[25.336,0],[44.341,133.549],[44.341,149.894],[32.704,161.525],[-32.708,161.525],[-44.341,149.894],[-44.341,133.549],[-25.336,0]],"c":true},"ix":2},"nm":"Path 1","mn":"ADBE Vector Shape - Group","hd":false},{"ty":"fl","c":{"a":0,"k":[0.97337586646,0.578906788545,0.230015055339,1],"ix":4},"o":{"a":0,"k":100,"ix":5},"r":1,"bm":0,"nm":"Fill 1","mn":"ADBE Vector Graphic - Fill","hd":false},{"ty":"tr","p":{"a":0,"k":[651.836,789.744],"ix":2},"a":{"a":0,"k":[0,0],"ix":1},"s":{"a":0,"k":[100,100],"ix":3},"r":{"a":0,"k":0,"ix":6},"o":{"a":0,"k":100,"ix":7},"sk":{"a":0,"k":0,"ix":4},"sa":{"a":0,"k":0,"ix":5},"nm":"Transform"}],"nm":"Group 1","np":2,"cix":2,"bm":0,"ix":1,"mn":"ADBE Vector Group","hd":false},{"ty":"gr","it":[{"ind":0,"ty":"sh","ix":1,"ks":{"a":0,"k":{"i":[[10.576,-1.406],[7.961,-10.12],[10.957,-4.374],[2.002,-0.411],[0,0],[-6.997,0.349],[-12.149,28.441]],"o":[[-12.74,1.707],[-7.465,9.516],[-1.609,0.685],[0,0],[5.899,3.58],[30.976,-1.646],[-9.908,2.783]],"v":[[15.269,-23.387],[-17.273,-4.727],[-39.045,18.935],[-44.434,20.553],[-46.3,21.263],[-25.919,25.167],[46.301,-25.516]],"c":true},"ix":2},"nm":"Path 1","mn":"ADBE Vector Shape - Group","hd":false},{"ty":"fl","c":{"a":0,"k":[0.324714181937,0.303394003475,0.075602116304,1],"ix":4},"o":{"a":0,"k":100,"ix":5},"r":1,"bm":0,"nm":"Fill 1","mn":"ADBE Vector Graphic - Fill","hd":false},{"ty":"tr","p":{"a":0,"k":[771.606,438.92],"ix":2},"a":{"a":0,"k":[0,0],"ix":1},"s":{"a":0,"k":[100,100],"ix":3},"r":{"a":0,"k":0,"ix":6},"o":{"a":0,"k":100,"ix":7},"sk":{"a":0,"k":0,"ix":4},"sa":{"a":0,"k":0,"ix":5},"nm":"Transform"}],"nm":"Group 2","np":2,"cix":2,"bm":0,"ix":2,"mn":"ADBE Vector Group","hd":false},{"ty":"gr","it":[{"ind":0,"ty":"sh","ix":1,"ks":{"a":0,"k":{"i":[[13.854,-5.379],[4.093,-13.357],[-20.237,4.892],[-8.588,4.717],[-7.076,0.57],[12.552,2.708]],"o":[[-13.093,5.044],[19.66,-5.236],[9.548,-2.308],[6.313,-3.447],[-11.868,-5.05],[-14.53,-3.107]],"v":[[-25.887,-14.903],[-54.417,14.099],[7.622,15.39],[34.021,2.628],[54.417,-4.396],[18.016,-16.946]],"c":true},"ix":2},"nm":"Path 1","mn":"ADBE Vector Shape - Group","hd":false},{"ty":"fl","c":{"a":0,"k":[0.324714181937,0.303394003475,0.075602116304,1],"ix":4},"o":{"a":0,"k":100,"ix":5},"r":1,"bm":0,"nm":"Fill 1","mn":"ADBE Vector Graphic - Fill","hd":false},{"ty":"tr","p":{"a":0,"k":[731.695,529.254],"ix":2},"a":{"a":0,"k":[0,0],"ix":1},"s":{"a":0,"k":[100,100],"ix":3},"r":{"a":0,"k":0,"ix":6},"o":{"a":0,"k":100,"ix":7},"sk":{"a":0,"k":0,"ix":4},"sa":{"a":0,"k":0,"ix":5},"nm":"Transform"}],"nm":"Group 3","np":2,"cix":2,"bm":0,"ix":3,"mn":"ADBE Vector Group","hd":false},{"ty":"gr","it":[{"ind":0,"ty":"sh","ix":1,"ks":{"a":0,"k":{"i":[[-13.728,0.075],[-12.378,-4.935],[-0.166,0.297],[-0.271,0.557],[-3.192,14.882],[18.781,21.489],[0.321,-20.056],[-3.535,-11.806],[8.218,-0.683],[7.065,-6.809],[7.482,-0.093]],"o":[[13.47,-0.052],[0.166,-0.296],[0.281,-0.564],[7.154,-13.492],[5.962,-27.908],[-9.734,17.582],[-0.173,12.326],[-5.609,-6.299],[-9.745,0.822],[-5.664,5.461],[9.982,9.118]],"v":[[-12.818,58.536],[27.172,62.362],[27.659,61.43],[28.524,59.774],[45.65,17.584],[24.732,-62.362],[9.319,-4.748],[14.405,31.714],[-6.918,21.309],[-31.017,36.987],[-51.613,47.77]],"c":true},"ix":2},"nm":"Path 1","mn":"ADBE Vector Shape - Group","hd":false},{"ty":"fl","c":{"a":0,"k":[0.324714181937,0.303394003475,0.075602116304,1],"ix":4},"o":{"a":0,"k":100,"ix":5},"r":1,"bm":0,"nm":"Fill 1","mn":"ADBE Vector Graphic - Fill","hd":false},{"ty":"tr","p":{"a":0,"k":[699.621,392.079],"ix":2},"a":{"a":0,"k":[0,0],"ix":1},"s":{"a":0,"k":[100,100],"ix":3},"r":{"a":0,"k":0,"ix":6},"o":{"a":0,"k":100,"ix":7},"sk":{"a":0,"k":0,"ix":4},"sa":{"a":0,"k":0,"ix":5},"nm":"Transform"}],"nm":"Group 4","np":2,"cix":2,"bm":0,"ix":4,"mn":"ADBE Vector Group","hd":false},{"ty":"gr","it":[{"ind":0,"ty":"sh","ix":1,"ks":{"a":0,"k":{"i":[[7.751,6.691],[10.142,1.582],[9.584,-9.686],[4.911,-9.353],[-11.298,-1.987],[-14.174,-3.015],[-16.009,9.009],[6.842,3.606]],"o":[[-7.755,-6.724],[-13.478,-2.108],[-7.383,7.465],[8.396,-7.099],[14.292,2.496],[18.036,3.796],[-7.395,1.529],[-9.092,-4.801]],"v":[[17.191,-9.118],[-9.468,-23.723],[-46.161,-9.453],[-63.854,16.46],[-31.108,9.566],[10.515,22.034],[63.854,13.694],[41.388,9.816]],"c":true},"ix":2},"nm":"Path 1","mn":"ADBE Vector Shape - Group","hd":false},{"ty":"fl","c":{"a":0,"k":[0.324714181937,0.303394003475,0.075602116304,1],"ix":4},"o":{"a":0,"k":100,"ix":5},"r":1,"bm":0,"nm":"Fill 1","mn":"ADBE Vector Graphic - Fill","hd":false},{"ty":"tr","p":{"a":0,"k":[568.417,506.549],"ix":2},"a":{"a":0,"k":[0,0],"ix":1},"s":{"a":0,"k":[100,100],"ix":3},"r":{"a":0,"k":0,"ix":6},"o":{"a":0,"k":100,"ix":7},"sk":{"a":0,"k":0,"ix":4},"sa":{"a":0,"k":0,"ix":5},"nm":"Transform"}],"nm":"Group 5","np":2,"cix":2,"bm":0,"ix":5,"mn":"ADBE Vector Group","hd":false},{"ty":"gr","it":[{"ind":0,"ty":"sh","ix":1,"ks":{"a":0,"k":{"i":[[9.681,6.399],[10.734,-4.32],[0.608,-9.596],[9.184,-16.469],[3.06,-19.698],[-3.007,40.869],[-6.402,-1.477],[-7.415,-2.315],[-8.597,-12.807],[5.068,10.932]],"o":[[-9.699,-6.359],[-9.12,3.645],[-18.593,1.347],[-9.713,17.38],[39.174,-14.614],[5.091,4.121],[7.587,1.745],[14.759,4.615],[-0.92,-12.01],[-4.874,-10.51]],"v":[[39.716,-48.849],[6.584,-53.363],[-10.18,-31.072],[-54.324,0.447],[-70.289,57.683],[-7.248,-26.67],[10.725,-18.78],[33.537,-13.953],[70.289,12.702],[61.226,-22.083]],"c":true},"ix":2},"nm":"Path 1","mn":"ADBE Vector Shape - Group","hd":false},{"ty":"fl","c":{"a":0,"k":[0.324714181937,0.303394003475,0.075602116304,1],"ix":4},"o":{"a":0,"k":100,"ix":5},"r":1,"bm":0,"nm":"Fill 1","mn":"ADBE Vector Graphic - Fill","hd":false},{"ty":"tr","p":{"a":0,"k":[550.27,445.546],"ix":2},"a":{"a":0,"k":[0,0],"ix":1},"s":{"a":0,"k":[100,100],"ix":3},"r":{"a":0,"k":0,"ix":6},"o":{"a":0,"k":100,"ix":7},"sk":{"a":0,"k":0,"ix":4},"sa":{"a":0,"k":0,"ix":5},"nm":"Transform"}],"nm":"Group 6","np":2,"cix":2,"bm":0,"ix":6,"mn":"ADBE Vector Group","hd":false},{"ty":"gr","it":[{"ind":0,"ty":"sh","ix":1,"ks":{"a":0,"k":{"i":[[0.183,14.697],[6.687,-4.898],[8.542,-6.131],[3.107,-8.056],[-11.179,11.166]],"o":[[-3.123,7.529],[-8.49,6.222],[-7.074,5.112],[15.721,1.281],[10.396,-10.358]],"v":[[29.529,-28.404],[13.616,-9.624],[-13.038,7.276],[-29.712,27.122],[13.42,11.333]],"c":true},"ix":2},"nm":"Path 1","mn":"ADBE Vector Shape - Group","hd":false},{"ty":"fl","c":{"a":0,"k":[0.324714181937,0.303394003475,0.075602116304,1],"ix":4},"o":{"a":0,"k":100,"ix":5},"r":1,"bm":0,"nm":"Fill 1","mn":"ADBE Vector Graphic - Fill","hd":false},{"ty":"tr","p":{"a":0,"k":[650.732,397.993],"ix":2},"a":{"a":0,"k":[0,0],"ix":1},"s":{"a":0,"k":[100,100],"ix":3},"r":{"a":0,"k":0,"ix":6},"o":{"a":0,"k":100,"ix":7},"sk":{"a":0,"k":0,"ix":4},"sa":{"a":0,"k":0,"ix":5},"nm":"Transform"}],"nm":"Group 7","np":2,"cix":2,"bm":0,"ix":7,"mn":"ADBE Vector Group","hd":false},{"ty":"gr","it":[{"ind":0,"ty":"sh","ix":1,"ks":{"a":0,"k":{"i":[[-3.826,-4.998],[29.004,24.183],[-3.936,-14.54],[-14.665,-3.439],[-6.284,-0.638]],"o":[[-14.951,-34.683],[-1.442,14.993],[3.912,14.572],[6.137,1.465],[6.284,0.643]],"v":[[34.26,43.038],[-31.434,-43.038],[-30.324,1.906],[-1.273,33.677],[17.56,35.366]],"c":true},"ix":2},"nm":"Path 1","mn":"ADBE Vector Shape - Group","hd":false},{"ty":"fl","c":{"a":0,"k":[0.324714181937,0.303394003475,0.075602116304,1],"ix":4},"o":{"a":0,"k":100,"ix":5},"r":1,"bm":0,"nm":"Fill 1","mn":"ADBE Vector Graphic - Fill","hd":false},{"ty":"tr","p":{"a":0,"k":[607.83,343.166],"ix":2},"a":{"a":0,"k":[0,0],"ix":1},"s":{"a":0,"k":[100,100],"ix":3},"r":{"a":0,"k":0,"ix":6},"o":{"a":0,"k":100,"ix":7},"sk":{"a":0,"k":0,"ix":4},"sa":{"a":0,"k":0,"ix":5},"nm":"Transform"}],"nm":"Group 8","np":2,"cix":2,"bm":0,"ix":8,"mn":"ADBE Vector Group","hd":false},{"ty":"gr","it":[{"ind":0,"ty":"sh","ix":1,"ks":{"a":0,"k":{"i":[[-6.755,-6.547],[-2.105,-6.24],[-0.067,-2.705],[-0.156,-1.16],[-7.26,55.616],[12.519,-9.167],[9.529,-11],[-0.167,1.066],[19.907,25.825],[1.652,-27.121],[9.43,5.424],[4.289,4.831],[0.153,0.23],[-21.818,-18.993]],"o":[[4.768,4.625],[0.835,2.572],[0.052,2.047],[50.244,-24.922],[-12.355,9.33],[-11.693,8.556],[0.235,-1.049],[5.342,-32.218],[-14.368,23.056],[-7.8,-7.507],[-5.555,-3.225],[-0.175,-0.193],[-2.482,28.769],[7.104,6.166]],"v":[[-25.626,56.257],[-14.542,72.803],[-13.126,80.723],[-12.84,85.176],[81.18,-46.281],[44.668,-18.077],[11.568,10.239],[12.164,7.052],[-11.333,-85.176],[-35.766,-8.242],[-62.629,-27.216],[-78.196,-38.491],[-78.698,-39.111],[-47.509,38.474]],"c":true},"ix":2},"nm":"Path 1","mn":"ADBE Vector Shape - Group","hd":false},{"ty":"fl","c":{"a":0,"k":[0.324714181937,0.303394003475,0.075602116304,1],"ix":4},"o":{"a":0,"k":100,"ix":5},"r":1,"bm":0,"nm":"Fill 1","mn":"ADBE Vector Graphic - Fill","hd":false},{"ty":"tr","p":{"a":0,"k":[680.745,266.783],"ix":2},"a":{"a":0,"k":[0,0],"ix":1},"s":{"a":0,"k":[100,100],"ix":3},"r":{"a":0,"k":0,"ix":6},"o":{"a":0,"k":100,"ix":7},"sk":{"a":0,"k":0,"ix":4},"sa":{"a":0,"k":0,"ix":5},"nm":"Transform"}],"nm":"Group 9","np":2,"cix":2,"bm":0,"ix":9,"mn":"ADBE Vector Group","hd":false},{"ty":"gr","it":[{"ind":0,"ty":"sh","ix":1,"ks":{"a":0,"k":{"i":[[-0.199,-1.218],[-3.82,2.104],[-3.351,-5.701],[-1.596,-5.424],[-5.351,-2.438],[-4.731,1.409],[0.063,5.863],[30.272,-2.132],[2.102,-16.368]],"o":[[0.281,-4.309],[5.794,-3.237],[2.865,4.878],[1.645,5.648],[4.474,2.066],[-4.31,-3.73],[-0.262,-17.44],[-19.558,1.356],[0.448,1.13]],"v":[[-27.77,10.987],[-21.324,0.303],[-3.982,5.011],[-0.165,21.432],[11.016,34.341],[25.438,35.309],[19.042,19.391],[-1.461,-34.586],[-28.81,7.467]],"c":true},"ix":2},"nm":"Path 1","mn":"ADBE Vector Shape - Group","hd":false},{"ty":"fl","c":{"a":0,"k":[0.324714181937,0.303394003475,0.075602116304,1],"ix":4},"o":{"a":0,"k":100,"ix":5},"r":1,"bm":0,"nm":"Fill 1","mn":"ADBE Vector Graphic - Fill","hd":false},{"ty":"tr","p":{"a":0,"k":[541.289,328.977],"ix":2},"a":{"a":0,"k":[0,0],"ix":1},"s":{"a":0,"k":[100,100],"ix":3},"r":{"a":0,"k":0,"ix":6},"o":{"a":0,"k":100,"ix":7},"sk":{"a":0,"k":0,"ix":4},"sa":{"a":0,"k":0,"ix":5},"nm":"Transform"}],"nm":"Group 10","np":2,"cix":2,"bm":0,"ix":10,"mn":"ADBE Vector Group","hd":false},{"ty":"gr","it":[{"ind":0,"ty":"sh","ix":1,"ks":{"a":0,"k":{"i":[[-11.14,16.037],[-6.751,4.144],[-7.602,-2.274],[-2.343,-5.061],[2.352,7.35],[7.85,4.708],[10.616,-5.764],[5.169,-10.9],[-15.166,-23.912]],"o":[[4.508,-6.505],[6.765,-4.112],[5.418,1.663],[-0.24,-7.718],[-2.749,-8.724],[-10.334,-6.223],[-10.614,5.758],[-12.125,25.716],[1.993,-19.431]],"v":[[-7.132,3.043],[9.447,-13.761],[32.228,-17.491],[44.727,-6.733],[41.398,-29.505],[25.562,-51.177],[-9.035,-50.751],[-32.602,-24.077],[-27.186,57.4]],"c":true},"ix":2},"nm":"Path 1","mn":"ADBE Vector Shape - Group","hd":false},{"ty":"fl","c":{"a":0,"k":[0.324714181937,0.303394003475,0.075602116304,1],"ix":4},"o":{"a":0,"k":100,"ix":5},"r":1,"bm":0,"nm":"Fill 1","mn":"ADBE Vector Graphic - Fill","hd":false},{"ty":"tr","p":{"a":0,"k":[467.564,342.785],"ix":2},"a":{"a":0,"k":[0,0],"ix":1},"s":{"a":0,"k":[100,100],"ix":3},"r":{"a":0,"k":0,"ix":6},"o":{"a":0,"k":100,"ix":7},"sk":{"a":0,"k":0,"ix":4},"sa":{"a":0,"k":0,"ix":5},"nm":"Transform"}],"nm":"Group 11","np":2,"cix":2,"bm":0,"ix":11,"mn":"ADBE Vector Group","hd":false},{"ty":"gr","it":[{"ind":0,"ty":"sh","ix":1,"ks":{"a":0,"k":{"i":[[0.496,-0.107],[0.604,0.518],[-0.873,1.019],[0.908,5.961],[1.285,4.648],[0.797,4.445],[0.351,1.138],[-2.89,4.576],[-0.507,0.71],[-0.404,1.577],[0.624,2.607],[-5.356,4.429],[-3.74,1.228],[-2.556,2.818],[0.186,6.031],[-0.731,3.694],[-6.431,6.467],[-0.828,0.848],[-5.531,23.539],[-1.301,-0.31],[0.302,-1.307],[17.483,-17.953],[0.863,-0.868],[1.525,-7.746],[-0.107,-3.461],[4.808,-5.289],[4.447,-1.453],[2.485,-2.056],[-1.024,-4.305],[0.914,-3.564],[1.331,-1.862],[0.416,-0.659],[-0.961,-3.124],[-0.272,-1.521],[-1.137,-4.127],[-0.771,-5.057],[5.781,-6.739]],"o":[[-0.722,0.161],[-1.021,-0.877],[6.539,-7.615],[-0.728,-4.772],[-1.163,-4.237],[-0.218,-1.224],[-1.029,-3.353],[0.462,-0.731],[1.122,-1.569],[0.616,-2.401],[-1.008,-4.23],[3.197,-2.643],[4.022,-1.314],[3.486,-3.83],[-0.111,-3.732],[1.81,-9.187],[0.851,-0.852],[16.87,-17.325],[0.309,-1.309],[1.313,0.307],[-5.735,24.4],[-0.84,0.859],[-5.918,5.949],[-0.623,3.153],[0.205,6.734],[-3.421,3.765],[-3.464,1.13],[-2.888,2.39],[0.696,2.92],[-0.632,2.455],[-0.453,0.637],[-1.696,2.681],[0.373,1.22],[0.753,4.22],[1.321,4.782],[1.785,11.711],[-0.359,0.417]],"v":[[-38.555,113.029],[-40.665,112.505],[-40.923,109.072],[-35.842,84.358],[-39.18,70.134],[-42.343,57.075],[-43.279,53.531],[-42.584,41.81],[-41.105,39.654],[-38.522,35.03],[-39.115,27.559],[-36.023,13.64],[-25.215,8.502],[-14.837,3.128],[-11.716,-12.43],[-11.219,-23.723],[3.674,-46.063],[6.197,-48.608],[40.433,-111.068],[43.354,-112.88],[45.172,-109.957],[9.68,-45.219],[7.122,-42.631],[-6.448,-22.781],[-6.852,-12.582],[-11.24,6.402],[-23.702,13.128],[-32.922,17.387],[-34.384,26.433],[-33.812,36.24],[-37.148,42.482],[-38.473,44.415],[-38.627,52.098],[-37.556,56.224],[-34.489,68.841],[-31.036,83.63],[-37.234,112.242]],"c":true},"ix":2},"nm":"Path 1","mn":"ADBE Vector Shape - Group","hd":false},{"ty":"fl","c":{"a":0,"k":[0.268253461052,0.099947491814,0.167755695418,1],"ix":4},"o":{"a":0,"k":100,"ix":5},"r":1,"bm":0,"nm":"Fill 1","mn":"ADBE Vector Graphic - Fill","hd":false},{"ty":"tr","p":{"a":0,"k":[687.143,554.986],"ix":2},"a":{"a":0,"k":[0,0],"ix":1},"s":{"a":0,"k":[100,100],"ix":3},"r":{"a":0,"k":0,"ix":6},"o":{"a":0,"k":100,"ix":7},"sk":{"a":0,"k":0,"ix":4},"sa":{"a":0,"k":0,"ix":5},"nm":"Transform"}],"nm":"Group 12","np":2,"cix":2,"bm":0,"ix":12,"mn":"ADBE Vector Group","hd":false},{"ty":"gr","it":[{"ind":0,"ty":"sh","ix":1,"ks":{"a":0,"k":{"i":[[0.191,-0.043],[0.507,1.02],[-7.646,13.333],[-5.181,5.341],[-2.063,2.33],[0,0],[0.24,16.424],[-4.399,3.824],[0,0],[-0.503,19.243],[-1.338,-0.036],[0.037,-1.34],[15.484,-13.564],[0,0],[-0.067,-4.436],[11.176,-12.516],[0,0],[2.199,-2.261],[3.525,-6.144],[-6.026,-12.151],[1.204,-0.595]],"o":[[-1.066,0.237],[-6.832,-13.775],[3.83,-6.674],[2.167,-2.224],[0,0],[10.784,-12.073],[-0.099,-6.698],[0,0],[14.479,-12.679],[0.035,-1.343],[1.342,0.036],[-0.54,20.577],[0,0],[-4.017,3.489],[0.264,18.317],[0,0],[-2.134,2.416],[-5.211,5.364],[-6.744,11.765],[0.595,1.2],[-0.178,0.093]],"v":[[-34.471,88.698],[-37.172,87.406],[-35.852,43.46],[-21.476,25.922],[-15.007,19.064],[-12.541,16.293],[4.512,-19.492],[14.289,-34.775],[15.18,-35.548],[39.107,-86.532],[41.598,-88.9],[43.966,-86.406],[18.381,-31.887],[17.483,-31.104],[9.375,-19.564],[-8.916,19.538],[-11.369,22.288],[-17.98,29.309],[-31.634,45.879],[-32.814,85.243],[-33.915,88.501]],"c":true},"ix":2},"nm":"Path 1","mn":"ADBE Vector Shape - Group","hd":false},{"ty":"fl","c":{"a":0,"k":[0.268253461052,0.099947491814,0.167755695418,1],"ix":4},"o":{"a":0,"k":100,"ix":5},"r":1,"bm":0,"nm":"Fill 1","mn":"ADBE Vector Graphic - Fill","hd":false},{"ty":"tr","p":{"a":0,"k":[633.06,407.932],"ix":2},"a":{"a":0,"k":[0,0],"ix":1},"s":{"a":0,"k":[100,100],"ix":3},"r":{"a":0,"k":0,"ix":6},"o":{"a":0,"k":100,"ix":7},"sk":{"a":0,"k":0,"ix":4},"sa":{"a":0,"k":0,"ix":5},"nm":"Transform"}],"nm":"Group 13","np":2,"cix":2,"bm":0,"ix":13,"mn":"ADBE Vector Group","hd":false},{"ty":"gr","it":[{"ind":0,"ty":"sh","ix":1,"ks":{"a":0,"k":{"i":[[0.727,-0.161],[0.495,0.222],[-0.552,1.224],[3.423,8.098],[1.866,3.087],[1.127,1.152],[1.006,2.554],[0.36,2.427],[0.228,1.1],[3.006,2.378],[1.92,4.001],[-4.026,11],[3.633,10.042],[6.286,2.007],[4.801,4.157],[2.615,8.155],[2.04,3.828],[9.517,8.445],[4.276,4.503],[5.642,14.165],[-7.576,15.813],[-1.213,-0.578],[0.581,-1.211],[-7.466,-18.741],[-12.494,-13.16],[-4.482,-3.978],[-6.231,-11.708],[-1.459,-4.549],[-5.822,-5.047],[-4.087,-1.308],[-3.745,-10.344],[3.892,-10.624],[-4.707,-9.818],[-2.505,-1.976],[-1.171,-5.644],[-0.183,-1.21],[-0.762,-1.926],[-1.442,-1.47],[-1.02,-1.684],[-1.293,-3.051],[4.008,-8.9]],"o":[[-0.49,0.107],[-1.228,-0.549],[3.463,-7.693],[-1.235,-2.909],[-0.727,-1.202],[-1.635,-1.665],[-0.97,-2.438],[-0.164,-1.115],[-0.809,-3.907],[-2.701,-2.123],[-5.598,-11.667],[3.759,-10.262],[-2.933,-8.088],[-4.342,-1.383],[-6.847,-5.932],[-1.455,-4.546],[-5.818,-10.935],[-4.564,-4.047],[-12.969,-13.658],[-7.969,-20.005],[0.581,-1.212],[1.214,0.583],[-6.992,14.589],[5.481,13.747],[4.131,4.35],[9.421,8.363],[2.244,4.215],[2.52,7.864],[4.045,3.496],[6.446,2.048],[4.237,11.7],[-3.847,10.519],[1.437,2.991],[3.282,2.584],[0.245,1.192],[0.327,2.249],[0.647,1.633],[1.283,1.302],[2.033,3.355],[3.945,9.317],[-0.331,0.732]],"v":[[69.807,169.861],[68.291,169.701],[67.068,166.486],[67.125,141.273],[62.169,131.05],[59.244,127.61],[54.744,121.5],[53.049,114.125],[52.491,110.785],[46.077,102.451],[38.403,93.913],[40.998,59.861],[44.669,29.867],[30.911,18.331],[16.843,11.222],[4.671,-11.302],[-0.201,-23.971],[-24.529,-51.327],[-38.085,-64.064],[-67.352,-111.894],[-67.973,-168.25],[-64.732,-169.391],[-63.588,-166.147],[-62.837,-113.698],[-34.558,-67.411],[-21.305,-54.965],[4.091,-26.258],[9.305,-12.788],[20.03,7.549],[32.386,13.702],[49.242,28.217],[45.567,61.532],[42.785,91.808],[49.087,98.635],[57.254,109.8],[57.863,113.418],[59.263,119.717],[62.711,124.206],[66.328,128.53],[71.604,139.379],[71.503,168.482]],"c":true},"ix":2},"nm":"Path 1","mn":"ADBE Vector Shape - Group","hd":false},{"ty":"fl","c":{"a":0,"k":[0.268253461052,0.099947491814,0.167755695418,1],"ix":4},"o":{"a":0,"k":100,"ix":5},"r":1,"bm":0,"nm":"Fill 1","mn":"ADBE Vector Graphic - Fill","hd":false},{"ty":"tr","p":{"a":0,"k":[584.51,490.773],"ix":2},"a":{"a":0,"k":[0,0],"ix":1},"s":{"a":0,"k":[100,100],"ix":3},"r":{"a":0,"k":0,"ix":6},"o":{"a":0,"k":100,"ix":7},"sk":{"a":0,"k":0,"ix":4},"sa":{"a":0,"k":0,"ix":5},"nm":"Transform"}],"nm":"Group 14","np":2,"cix":2,"bm":0,"ix":14,"mn":"ADBE Vector Group","hd":false}],"ip":395.00001608868,"op":905.000036861406,"st":-91.000003706506,"bm":0},{"ddd":0,"ind":17,"ty":4,"nm":" 1/object_mirror Outlines","parent":8,"sr":1,"ks":{"o":{"a":1,"k":[{"i":{"x":[0.833],"y":[0.833]},"o":{"x":[0.167],"y":[0.167]},"t":0,"s":[100]},{"i":{"x":[0.833],"y":[0.833]},"o":{"x":[0.167],"y":[0.167]},"t":891,"s":[100]},{"t":900.000036657751,"s":[0]}],"ix":11},"r":{"a":0,"k":0,"ix":10},"p":{"a":1,"k":[{"i":{"x":0.833,"y":0.833},"o":{"x":0.167,"y":0.167},"t":0,"s":[-842.716,-144,0],"to":[127.453,-0.333,0],"ti":[-127.453,0.333,0]},{"t":72.0000029326201,"s":[-78,-146,0]}],"ix":2},"a":{"a":0,"k":[610,610,0],"ix":1},"s":{"a":0,"k":[36,36,100],"ix":6}},"ao":0,"shapes":[{"ty":"gr","it":[{"ind":0,"ty":"sh","ix":1,"ks":{"a":0,"k":{"i":[[-0.063,49.272],[-1.502,0],[0,0],[-0.003,-1.51],[-11.122,-45.427],[0,-32.726],[0,0],[6.427,0],[0,0],[0,6.426],[0,0],[-12.671,51.728]],"o":[[0.003,-1.51],[0,0],[1.506,0],[0.065,49.272],[12.67,51.728],[0,0],[0,6.426],[0,0],[-6.423,0],[0,0],[0,-32.726],[11.123,-45.427]],"v":[[-13.201,-158.797],[-10.473,-161.525],[10.471,-161.525],[13.199,-158.797],[25.336,0],[44.341,133.549],[44.341,149.894],[32.704,161.525],[-32.708,161.525],[-44.341,149.894],[-44.341,133.549],[-25.336,0]],"c":true},"ix":2},"nm":"Path 1","mn":"ADBE Vector Shape - Group","hd":false},{"ty":"fl","c":{"a":0,"k":[0.97337586646,0.578906788545,0.230015055339,1],"ix":4},"o":{"a":0,"k":100,"ix":5},"r":1,"bm":0,"nm":"Fill 1","mn":"ADBE Vector Graphic - Fill","hd":false},{"ty":"tr","p":{"a":0,"k":[651.836,789.744],"ix":2},"a":{"a":0,"k":[0,0],"ix":1},"s":{"a":0,"k":[100,100],"ix":3},"r":{"a":0,"k":0,"ix":6},"o":{"a":0,"k":100,"ix":7},"sk":{"a":0,"k":0,"ix":4},"sa":{"a":0,"k":0,"ix":5},"nm":"Transform"}],"nm":"Group 1","np":2,"cix":2,"bm":0,"ix":1,"mn":"ADBE Vector Group","hd":false},{"ty":"gr","it":[{"ind":0,"ty":"sh","ix":1,"ks":{"a":0,"k":{"i":[[10.576,-1.406],[7.961,-10.12],[10.957,-4.374],[2.002,-0.411],[0,0],[-6.997,0.349],[-12.149,28.441]],"o":[[-12.74,1.707],[-7.465,9.516],[-1.609,0.685],[0,0],[5.899,3.58],[30.976,-1.646],[-9.908,2.783]],"v":[[15.269,-23.387],[-17.273,-4.727],[-39.045,18.935],[-44.434,20.553],[-46.3,21.263],[-25.919,25.167],[46.301,-25.516]],"c":true},"ix":2},"nm":"Path 1","mn":"ADBE Vector Shape - Group","hd":false},{"ty":"fl","c":{"a":0,"k":[0.324714181937,0.303394003475,0.075602116304,1],"ix":4},"o":{"a":0,"k":100,"ix":5},"r":1,"bm":0,"nm":"Fill 1","mn":"ADBE Vector Graphic - Fill","hd":false},{"ty":"tr","p":{"a":0,"k":[771.606,438.92],"ix":2},"a":{"a":0,"k":[0,0],"ix":1},"s":{"a":0,"k":[100,100],"ix":3},"r":{"a":0,"k":0,"ix":6},"o":{"a":0,"k":100,"ix":7},"sk":{"a":0,"k":0,"ix":4},"sa":{"a":0,"k":0,"ix":5},"nm":"Transform"}],"nm":"Group 2","np":2,"cix":2,"bm":0,"ix":2,"mn":"ADBE Vector Group","hd":false},{"ty":"gr","it":[{"ind":0,"ty":"sh","ix":1,"ks":{"a":0,"k":{"i":[[13.854,-5.379],[4.093,-13.357],[-20.237,4.892],[-8.588,4.717],[-7.076,0.57],[12.552,2.708]],"o":[[-13.093,5.044],[19.66,-5.236],[9.548,-2.308],[6.313,-3.447],[-11.868,-5.05],[-14.53,-3.107]],"v":[[-25.887,-14.903],[-54.417,14.099],[7.622,15.39],[34.021,2.628],[54.417,-4.396],[18.016,-16.946]],"c":true},"ix":2},"nm":"Path 1","mn":"ADBE Vector Shape - Group","hd":false},{"ty":"fl","c":{"a":0,"k":[0.324714181937,0.303394003475,0.075602116304,1],"ix":4},"o":{"a":0,"k":100,"ix":5},"r":1,"bm":0,"nm":"Fill 1","mn":"ADBE Vector Graphic - Fill","hd":false},{"ty":"tr","p":{"a":0,"k":[731.695,529.254],"ix":2},"a":{"a":0,"k":[0,0],"ix":1},"s":{"a":0,"k":[100,100],"ix":3},"r":{"a":0,"k":0,"ix":6},"o":{"a":0,"k":100,"ix":7},"sk":{"a":0,"k":0,"ix":4},"sa":{"a":0,"k":0,"ix":5},"nm":"Transform"}],"nm":"Group 3","np":2,"cix":2,"bm":0,"ix":3,"mn":"ADBE Vector Group","hd":false},{"ty":"gr","it":[{"ind":0,"ty":"sh","ix":1,"ks":{"a":0,"k":{"i":[[-13.728,0.075],[-12.378,-4.935],[-0.166,0.297],[-0.271,0.557],[-3.192,14.882],[18.781,21.489],[0.321,-20.056],[-3.535,-11.806],[8.218,-0.683],[7.065,-6.809],[7.482,-0.093]],"o":[[13.47,-0.052],[0.166,-0.296],[0.281,-0.564],[7.154,-13.492],[5.962,-27.908],[-9.734,17.582],[-0.173,12.326],[-5.609,-6.299],[-9.745,0.822],[-5.664,5.461],[9.982,9.118]],"v":[[-12.818,58.536],[27.172,62.362],[27.659,61.43],[28.524,59.774],[45.65,17.584],[24.732,-62.362],[9.319,-4.748],[14.405,31.714],[-6.918,21.309],[-31.017,36.987],[-51.613,47.77]],"c":true},"ix":2},"nm":"Path 1","mn":"ADBE Vector Shape - Group","hd":false},{"ty":"fl","c":{"a":0,"k":[0.324714181937,0.303394003475,0.075602116304,1],"ix":4},"o":{"a":0,"k":100,"ix":5},"r":1,"bm":0,"nm":"Fill 1","mn":"ADBE Vector Graphic - Fill","hd":false},{"ty":"tr","p":{"a":0,"k":[699.621,392.079],"ix":2},"a":{"a":0,"k":[0,0],"ix":1},"s":{"a":0,"k":[100,100],"ix":3},"r":{"a":0,"k":0,"ix":6},"o":{"a":0,"k":100,"ix":7},"sk":{"a":0,"k":0,"ix":4},"sa":{"a":0,"k":0,"ix":5},"nm":"Transform"}],"nm":"Group 4","np":2,"cix":2,"bm":0,"ix":4,"mn":"ADBE Vector Group","hd":false},{"ty":"gr","it":[{"ind":0,"ty":"sh","ix":1,"ks":{"a":0,"k":{"i":[[7.751,6.691],[10.142,1.582],[9.584,-9.686],[4.911,-9.353],[-11.298,-1.987],[-14.174,-3.015],[-16.009,9.009],[6.842,3.606]],"o":[[-7.755,-6.724],[-13.478,-2.108],[-7.383,7.465],[8.396,-7.099],[14.292,2.496],[18.036,3.796],[-7.395,1.529],[-9.092,-4.801]],"v":[[17.191,-9.118],[-9.468,-23.723],[-46.161,-9.453],[-63.854,16.46],[-31.108,9.566],[10.515,22.034],[63.854,13.694],[41.388,9.816]],"c":true},"ix":2},"nm":"Path 1","mn":"ADBE Vector Shape - Group","hd":false},{"ty":"fl","c":{"a":0,"k":[0.324714181937,0.303394003475,0.075602116304,1],"ix":4},"o":{"a":0,"k":100,"ix":5},"r":1,"bm":0,"nm":"Fill 1","mn":"ADBE Vector Graphic - Fill","hd":false},{"ty":"tr","p":{"a":0,"k":[568.417,506.549],"ix":2},"a":{"a":0,"k":[0,0],"ix":1},"s":{"a":0,"k":[100,100],"ix":3},"r":{"a":0,"k":0,"ix":6},"o":{"a":0,"k":100,"ix":7},"sk":{"a":0,"k":0,"ix":4},"sa":{"a":0,"k":0,"ix":5},"nm":"Transform"}],"nm":"Group 5","np":2,"cix":2,"bm":0,"ix":5,"mn":"ADBE Vector Group","hd":false},{"ty":"gr","it":[{"ind":0,"ty":"sh","ix":1,"ks":{"a":0,"k":{"i":[[9.681,6.399],[10.734,-4.32],[0.608,-9.596],[9.184,-16.469],[3.06,-19.698],[-3.007,40.869],[-6.402,-1.477],[-7.415,-2.315],[-8.597,-12.807],[5.068,10.932]],"o":[[-9.699,-6.359],[-9.12,3.645],[-18.593,1.347],[-9.713,17.38],[39.174,-14.614],[5.091,4.121],[7.587,1.745],[14.759,4.615],[-0.92,-12.01],[-4.874,-10.51]],"v":[[39.716,-48.849],[6.584,-53.363],[-10.18,-31.072],[-54.324,0.447],[-70.289,57.683],[-7.248,-26.67],[10.725,-18.78],[33.537,-13.953],[70.289,12.702],[61.226,-22.083]],"c":true},"ix":2},"nm":"Path 1","mn":"ADBE Vector Shape - Group","hd":false},{"ty":"fl","c":{"a":0,"k":[0.324714181937,0.303394003475,0.075602116304,1],"ix":4},"o":{"a":0,"k":100,"ix":5},"r":1,"bm":0,"nm":"Fill 1","mn":"ADBE Vector Graphic - Fill","hd":false},{"ty":"tr","p":{"a":0,"k":[550.27,445.546],"ix":2},"a":{"a":0,"k":[0,0],"ix":1},"s":{"a":0,"k":[100,100],"ix":3},"r":{"a":0,"k":0,"ix":6},"o":{"a":0,"k":100,"ix":7},"sk":{"a":0,"k":0,"ix":4},"sa":{"a":0,"k":0,"ix":5},"nm":"Transform"}],"nm":"Group 6","np":2,"cix":2,"bm":0,"ix":6,"mn":"ADBE Vector Group","hd":false},{"ty":"gr","it":[{"ind":0,"ty":"sh","ix":1,"ks":{"a":0,"k":{"i":[[0.183,14.697],[6.687,-4.898],[8.542,-6.131],[3.107,-8.056],[-11.179,11.166]],"o":[[-3.123,7.529],[-8.49,6.222],[-7.074,5.112],[15.721,1.281],[10.396,-10.358]],"v":[[29.529,-28.404],[13.616,-9.624],[-13.038,7.276],[-29.712,27.122],[13.42,11.333]],"c":true},"ix":2},"nm":"Path 1","mn":"ADBE Vector Shape - Group","hd":false},{"ty":"fl","c":{"a":0,"k":[0.324714181937,0.303394003475,0.075602116304,1],"ix":4},"o":{"a":0,"k":100,"ix":5},"r":1,"bm":0,"nm":"Fill 1","mn":"ADBE Vector Graphic - Fill","hd":false},{"ty":"tr","p":{"a":0,"k":[650.732,397.993],"ix":2},"a":{"a":0,"k":[0,0],"ix":1},"s":{"a":0,"k":[100,100],"ix":3},"r":{"a":0,"k":0,"ix":6},"o":{"a":0,"k":100,"ix":7},"sk":{"a":0,"k":0,"ix":4},"sa":{"a":0,"k":0,"ix":5},"nm":"Transform"}],"nm":"Group 7","np":2,"cix":2,"bm":0,"ix":7,"mn":"ADBE Vector Group","hd":false},{"ty":"gr","it":[{"ind":0,"ty":"sh","ix":1,"ks":{"a":0,"k":{"i":[[-3.826,-4.998],[29.004,24.183],[-3.936,-14.54],[-14.665,-3.439],[-6.284,-0.638]],"o":[[-14.951,-34.683],[-1.442,14.993],[3.912,14.572],[6.137,1.465],[6.284,0.643]],"v":[[34.26,43.038],[-31.434,-43.038],[-30.324,1.906],[-1.273,33.677],[17.56,35.366]],"c":true},"ix":2},"nm":"Path 1","mn":"ADBE Vector Shape - Group","hd":false},{"ty":"fl","c":{"a":0,"k":[0.324714181937,0.303394003475,0.075602116304,1],"ix":4},"o":{"a":0,"k":100,"ix":5},"r":1,"bm":0,"nm":"Fill 1","mn":"ADBE Vector Graphic - Fill","hd":false},{"ty":"tr","p":{"a":0,"k":[607.83,343.166],"ix":2},"a":{"a":0,"k":[0,0],"ix":1},"s":{"a":0,"k":[100,100],"ix":3},"r":{"a":0,"k":0,"ix":6},"o":{"a":0,"k":100,"ix":7},"sk":{"a":0,"k":0,"ix":4},"sa":{"a":0,"k":0,"ix":5},"nm":"Transform"}],"nm":"Group 8","np":2,"cix":2,"bm":0,"ix":8,"mn":"ADBE Vector Group","hd":false},{"ty":"gr","it":[{"ind":0,"ty":"sh","ix":1,"ks":{"a":0,"k":{"i":[[-6.755,-6.547],[-2.105,-6.24],[-0.067,-2.705],[-0.156,-1.16],[-7.26,55.616],[12.519,-9.167],[9.529,-11],[-0.167,1.066],[19.907,25.825],[1.652,-27.121],[9.43,5.424],[4.289,4.831],[0.153,0.23],[-21.818,-18.993]],"o":[[4.768,4.625],[0.835,2.572],[0.052,2.047],[50.244,-24.922],[-12.355,9.33],[-11.693,8.556],[0.235,-1.049],[5.342,-32.218],[-14.368,23.056],[-7.8,-7.507],[-5.555,-3.225],[-0.175,-0.193],[-2.482,28.769],[7.104,6.166]],"v":[[-25.626,56.257],[-14.542,72.803],[-13.126,80.723],[-12.84,85.176],[81.18,-46.281],[44.668,-18.077],[11.568,10.239],[12.164,7.052],[-11.333,-85.176],[-35.766,-8.242],[-62.629,-27.216],[-78.196,-38.491],[-78.698,-39.111],[-47.509,38.474]],"c":true},"ix":2},"nm":"Path 1","mn":"ADBE Vector Shape - Group","hd":false},{"ty":"fl","c":{"a":0,"k":[0.324714181937,0.303394003475,0.075602116304,1],"ix":4},"o":{"a":0,"k":100,"ix":5},"r":1,"bm":0,"nm":"Fill 1","mn":"ADBE Vector Graphic - Fill","hd":false},{"ty":"tr","p":{"a":0,"k":[680.745,266.783],"ix":2},"a":{"a":0,"k":[0,0],"ix":1},"s":{"a":0,"k":[100,100],"ix":3},"r":{"a":0,"k":0,"ix":6},"o":{"a":0,"k":100,"ix":7},"sk":{"a":0,"k":0,"ix":4},"sa":{"a":0,"k":0,"ix":5},"nm":"Transform"}],"nm":"Group 9","np":2,"cix":2,"bm":0,"ix":9,"mn":"ADBE Vector Group","hd":false},{"ty":"gr","it":[{"ind":0,"ty":"sh","ix":1,"ks":{"a":0,"k":{"i":[[-0.199,-1.218],[-3.82,2.104],[-3.351,-5.701],[-1.596,-5.424],[-5.351,-2.438],[-4.731,1.409],[0.063,5.863],[30.272,-2.132],[2.102,-16.368]],"o":[[0.281,-4.309],[5.794,-3.237],[2.865,4.878],[1.645,5.648],[4.474,2.066],[-4.31,-3.73],[-0.262,-17.44],[-19.558,1.356],[0.448,1.13]],"v":[[-27.77,10.987],[-21.324,0.303],[-3.982,5.011],[-0.165,21.432],[11.016,34.341],[25.438,35.309],[19.042,19.391],[-1.461,-34.586],[-28.81,7.467]],"c":true},"ix":2},"nm":"Path 1","mn":"ADBE Vector Shape - Group","hd":false},{"ty":"fl","c":{"a":0,"k":[0.324714181937,0.303394003475,0.075602116304,1],"ix":4},"o":{"a":0,"k":100,"ix":5},"r":1,"bm":0,"nm":"Fill 1","mn":"ADBE Vector Graphic - Fill","hd":false},{"ty":"tr","p":{"a":0,"k":[541.289,328.977],"ix":2},"a":{"a":0,"k":[0,0],"ix":1},"s":{"a":0,"k":[100,100],"ix":3},"r":{"a":0,"k":0,"ix":6},"o":{"a":0,"k":100,"ix":7},"sk":{"a":0,"k":0,"ix":4},"sa":{"a":0,"k":0,"ix":5},"nm":"Transform"}],"nm":"Group 10","np":2,"cix":2,"bm":0,"ix":10,"mn":"ADBE Vector Group","hd":false},{"ty":"gr","it":[{"ind":0,"ty":"sh","ix":1,"ks":{"a":0,"k":{"i":[[-11.14,16.037],[-6.751,4.144],[-7.602,-2.274],[-2.343,-5.061],[2.352,7.35],[7.85,4.708],[10.616,-5.764],[5.169,-10.9],[-15.166,-23.912]],"o":[[4.508,-6.505],[6.765,-4.112],[5.418,1.663],[-0.24,-7.718],[-2.749,-8.724],[-10.334,-6.223],[-10.614,5.758],[-12.125,25.716],[1.993,-19.431]],"v":[[-7.132,3.043],[9.447,-13.761],[32.228,-17.491],[44.727,-6.733],[41.398,-29.505],[25.562,-51.177],[-9.035,-50.751],[-32.602,-24.077],[-27.186,57.4]],"c":true},"ix":2},"nm":"Path 1","mn":"ADBE Vector Shape - Group","hd":false},{"ty":"fl","c":{"a":0,"k":[0.324714181937,0.303394003475,0.075602116304,1],"ix":4},"o":{"a":0,"k":100,"ix":5},"r":1,"bm":0,"nm":"Fill 1","mn":"ADBE Vector Graphic - Fill","hd":false},{"ty":"tr","p":{"a":0,"k":[467.564,342.785],"ix":2},"a":{"a":0,"k":[0,0],"ix":1},"s":{"a":0,"k":[100,100],"ix":3},"r":{"a":0,"k":0,"ix":6},"o":{"a":0,"k":100,"ix":7},"sk":{"a":0,"k":0,"ix":4},"sa":{"a":0,"k":0,"ix":5},"nm":"Transform"}],"nm":"Group 11","np":2,"cix":2,"bm":0,"ix":11,"mn":"ADBE Vector Group","hd":false},{"ty":"gr","it":[{"ind":0,"ty":"sh","ix":1,"ks":{"a":0,"k":{"i":[[0.496,-0.107],[0.604,0.518],[-0.873,1.019],[0.908,5.961],[1.285,4.648],[0.797,4.445],[0.351,1.138],[-2.89,4.576],[-0.507,0.71],[-0.404,1.577],[0.624,2.607],[-5.356,4.429],[-3.74,1.228],[-2.556,2.818],[0.186,6.031],[-0.731,3.694],[-6.431,6.467],[-0.828,0.848],[-5.531,23.539],[-1.301,-0.31],[0.302,-1.307],[17.483,-17.953],[0.863,-0.868],[1.525,-7.746],[-0.107,-3.461],[4.808,-5.289],[4.447,-1.453],[2.485,-2.056],[-1.024,-4.305],[0.914,-3.564],[1.331,-1.862],[0.416,-0.659],[-0.961,-3.124],[-0.272,-1.521],[-1.137,-4.127],[-0.771,-5.057],[5.781,-6.739]],"o":[[-0.722,0.161],[-1.021,-0.877],[6.539,-7.615],[-0.728,-4.772],[-1.163,-4.237],[-0.218,-1.224],[-1.029,-3.353],[0.462,-0.731],[1.122,-1.569],[0.616,-2.401],[-1.008,-4.23],[3.197,-2.643],[4.022,-1.314],[3.486,-3.83],[-0.111,-3.732],[1.81,-9.187],[0.851,-0.852],[16.87,-17.325],[0.309,-1.309],[1.313,0.307],[-5.735,24.4],[-0.84,0.859],[-5.918,5.949],[-0.623,3.153],[0.205,6.734],[-3.421,3.765],[-3.464,1.13],[-2.888,2.39],[0.696,2.92],[-0.632,2.455],[-0.453,0.637],[-1.696,2.681],[0.373,1.22],[0.753,4.22],[1.321,4.782],[1.785,11.711],[-0.359,0.417]],"v":[[-38.555,113.029],[-40.665,112.505],[-40.923,109.072],[-35.842,84.358],[-39.18,70.134],[-42.343,57.075],[-43.279,53.531],[-42.584,41.81],[-41.105,39.654],[-38.522,35.03],[-39.115,27.559],[-36.023,13.64],[-25.215,8.502],[-14.837,3.128],[-11.716,-12.43],[-11.219,-23.723],[3.674,-46.063],[6.197,-48.608],[40.433,-111.068],[43.354,-112.88],[45.172,-109.957],[9.68,-45.219],[7.122,-42.631],[-6.448,-22.781],[-6.852,-12.582],[-11.24,6.402],[-23.702,13.128],[-32.922,17.387],[-34.384,26.433],[-33.812,36.24],[-37.148,42.482],[-38.473,44.415],[-38.627,52.098],[-37.556,56.224],[-34.489,68.841],[-31.036,83.63],[-37.234,112.242]],"c":true},"ix":2},"nm":"Path 1","mn":"ADBE Vector Shape - Group","hd":false},{"ty":"fl","c":{"a":0,"k":[0.268253461052,0.099947491814,0.167755695418,1],"ix":4},"o":{"a":0,"k":100,"ix":5},"r":1,"bm":0,"nm":"Fill 1","mn":"ADBE Vector Graphic - Fill","hd":false},{"ty":"tr","p":{"a":0,"k":[687.143,554.986],"ix":2},"a":{"a":0,"k":[0,0],"ix":1},"s":{"a":0,"k":[100,100],"ix":3},"r":{"a":0,"k":0,"ix":6},"o":{"a":0,"k":100,"ix":7},"sk":{"a":0,"k":0,"ix":4},"sa":{"a":0,"k":0,"ix":5},"nm":"Transform"}],"nm":"Group 12","np":2,"cix":2,"bm":0,"ix":12,"mn":"ADBE Vector Group","hd":false},{"ty":"gr","it":[{"ind":0,"ty":"sh","ix":1,"ks":{"a":0,"k":{"i":[[0.191,-0.043],[0.507,1.02],[-7.646,13.333],[-5.181,5.341],[-2.063,2.33],[0,0],[0.24,16.424],[-4.399,3.824],[0,0],[-0.503,19.243],[-1.338,-0.036],[0.037,-1.34],[15.484,-13.564],[0,0],[-0.067,-4.436],[11.176,-12.516],[0,0],[2.199,-2.261],[3.525,-6.144],[-6.026,-12.151],[1.204,-0.595]],"o":[[-1.066,0.237],[-6.832,-13.775],[3.83,-6.674],[2.167,-2.224],[0,0],[10.784,-12.073],[-0.099,-6.698],[0,0],[14.479,-12.679],[0.035,-1.343],[1.342,0.036],[-0.54,20.577],[0,0],[-4.017,3.489],[0.264,18.317],[0,0],[-2.134,2.416],[-5.211,5.364],[-6.744,11.765],[0.595,1.2],[-0.178,0.093]],"v":[[-34.471,88.698],[-37.172,87.406],[-35.852,43.46],[-21.476,25.922],[-15.007,19.064],[-12.541,16.293],[4.512,-19.492],[14.289,-34.775],[15.18,-35.548],[39.107,-86.532],[41.598,-88.9],[43.966,-86.406],[18.381,-31.887],[17.483,-31.104],[9.375,-19.564],[-8.916,19.538],[-11.369,22.288],[-17.98,29.309],[-31.634,45.879],[-32.814,85.243],[-33.915,88.501]],"c":true},"ix":2},"nm":"Path 1","mn":"ADBE Vector Shape - Group","hd":false},{"ty":"fl","c":{"a":0,"k":[0.268253461052,0.099947491814,0.167755695418,1],"ix":4},"o":{"a":0,"k":100,"ix":5},"r":1,"bm":0,"nm":"Fill 1","mn":"ADBE Vector Graphic - Fill","hd":false},{"ty":"tr","p":{"a":0,"k":[633.06,407.932],"ix":2},"a":{"a":0,"k":[0,0],"ix":1},"s":{"a":0,"k":[100,100],"ix":3},"r":{"a":0,"k":0,"ix":6},"o":{"a":0,"k":100,"ix":7},"sk":{"a":0,"k":0,"ix":4},"sa":{"a":0,"k":0,"ix":5},"nm":"Transform"}],"nm":"Group 13","np":2,"cix":2,"bm":0,"ix":13,"mn":"ADBE Vector Group","hd":false},{"ty":"gr","it":[{"ind":0,"ty":"sh","ix":1,"ks":{"a":0,"k":{"i":[[0.727,-0.161],[0.495,0.222],[-0.552,1.224],[3.423,8.098],[1.866,3.087],[1.127,1.152],[1.006,2.554],[0.36,2.427],[0.228,1.1],[3.006,2.378],[1.92,4.001],[-4.026,11],[3.633,10.042],[6.286,2.007],[4.801,4.157],[2.615,8.155],[2.04,3.828],[9.517,8.445],[4.276,4.503],[5.642,14.165],[-7.576,15.813],[-1.213,-0.578],[0.581,-1.211],[-7.466,-18.741],[-12.494,-13.16],[-4.482,-3.978],[-6.231,-11.708],[-1.459,-4.549],[-5.822,-5.047],[-4.087,-1.308],[-3.745,-10.344],[3.892,-10.624],[-4.707,-9.818],[-2.505,-1.976],[-1.171,-5.644],[-0.183,-1.21],[-0.762,-1.926],[-1.442,-1.47],[-1.02,-1.684],[-1.293,-3.051],[4.008,-8.9]],"o":[[-0.49,0.107],[-1.228,-0.549],[3.463,-7.693],[-1.235,-2.909],[-0.727,-1.202],[-1.635,-1.665],[-0.97,-2.438],[-0.164,-1.115],[-0.809,-3.907],[-2.701,-2.123],[-5.598,-11.667],[3.759,-10.262],[-2.933,-8.088],[-4.342,-1.383],[-6.847,-5.932],[-1.455,-4.546],[-5.818,-10.935],[-4.564,-4.047],[-12.969,-13.658],[-7.969,-20.005],[0.581,-1.212],[1.214,0.583],[-6.992,14.589],[5.481,13.747],[4.131,4.35],[9.421,8.363],[2.244,4.215],[2.52,7.864],[4.045,3.496],[6.446,2.048],[4.237,11.7],[-3.847,10.519],[1.437,2.991],[3.282,2.584],[0.245,1.192],[0.327,2.249],[0.647,1.633],[1.283,1.302],[2.033,3.355],[3.945,9.317],[-0.331,0.732]],"v":[[69.807,169.861],[68.291,169.701],[67.068,166.486],[67.125,141.273],[62.169,131.05],[59.244,127.61],[54.744,121.5],[53.049,114.125],[52.491,110.785],[46.077,102.451],[38.403,93.913],[40.998,59.861],[44.669,29.867],[30.911,18.331],[16.843,11.222],[4.671,-11.302],[-0.201,-23.971],[-24.529,-51.327],[-38.085,-64.064],[-67.352,-111.894],[-67.973,-168.25],[-64.732,-169.391],[-63.588,-166.147],[-62.837,-113.698],[-34.558,-67.411],[-21.305,-54.965],[4.091,-26.258],[9.305,-12.788],[20.03,7.549],[32.386,13.702],[49.242,28.217],[45.567,61.532],[42.785,91.808],[49.087,98.635],[57.254,109.8],[57.863,113.418],[59.263,119.717],[62.711,124.206],[66.328,128.53],[71.604,139.379],[71.503,168.482]],"c":true},"ix":2},"nm":"Path 1","mn":"ADBE Vector Shape - Group","hd":false},{"ty":"fl","c":{"a":0,"k":[0.268253461052,0.099947491814,0.167755695418,1],"ix":4},"o":{"a":0,"k":100,"ix":5},"r":1,"bm":0,"nm":"Fill 1","mn":"ADBE Vector Graphic - Fill","hd":false},{"ty":"tr","p":{"a":0,"k":[584.51,490.773],"ix":2},"a":{"a":0,"k":[0,0],"ix":1},"s":{"a":0,"k":[100,100],"ix":3},"r":{"a":0,"k":0,"ix":6},"o":{"a":0,"k":100,"ix":7},"sk":{"a":0,"k":0,"ix":4},"sa":{"a":0,"k":0,"ix":5},"nm":"Transform"}],"nm":"Group 14","np":2,"cix":2,"bm":0,"ix":14,"mn":"ADBE Vector Group","hd":false}],"ip":0,"op":901.000036698482,"st":0,"bm":0}]}],"layers":[{"ddd":0,"ind":1,"ty":0,"nm":"time","refId":"comp_0","sr":0.5,"ks":{"o":{"a":0,"k":100,"ix":11},"r":{"a":0,"k":0,"ix":10},"p":{"a":0,"k":[540,540,0],"ix":2},"a":{"a":0,"k":[540,540,0],"ix":1},"s":{"a":0,"k":[100,100,100],"ix":6}},"ao":0,"w":1080,"h":1080,"ip":0,"op":450.500018349241,"st":0,"bm":0}],"markers":[]}